<imp:content xmlns:imp="http://APIE.imp">

<imp:doc imp:orderNum="0">
<Infopress language="PL" xmlns:ns1="SipadeType" xmlns:xhtml="http://www.w3.org/1999/xhtml"><Title>Parlament wzywa do działań na rzecz efektywności energetycznej i różnicowania dostaw</Title><Topic>Energia</Topic><PublicationDate>2005-09-29 - 13:32</PublicationDate><Photography href="20050926PHT00706" title="W obliczu kryzysu naftowego Parlament wzywa do różnicowania źródeł energii i rozwoju energetyki odnawialnej" alt="W obliczu kryzysu naftowego Parlament wzywa do różnicowania źródeł energii i rozwoju energetyki odnawialnej" ext="jpg" width="700" height="500">Mężczyzna wymienia sztabki złota na ropę</Photography><Chapo>

Zaniepokojeni wzrostem cen ropy naftowej, jak również jego wpływem na konkurencyjność przedsiębiorstw i sytuację ekonomiczną obywateli, posłowie uważają, że Europa powinna zróżnicować źródła energii oraz źródła jej dostaw, a także promować energooszczędne metody działania i rozwój źródeł energii odnawialnej. Posłowie chcą, aby do roku 2020 UE stała się najbardziej wydajną energetycznie gospodarką świata.

</Chapo><Content><xhtml:div>

<xhtml:div> </xhtml:div>
<xhtml:div>Deklarację tę Parlament zawarł w przyjętej w czwartek rezolucji w sprawie uzależnienia od ropy naftowej. Parlament wzywa w niej do opracowania globalnej strategii na rzecz wspierania oszczędzania energii i wykorzystywania jej alternatywnych źródeł, zwłaszcza w obliczu bardzo wysokiego zużycia ropy w Stanach Zjednoczonych i gospodarkach wschodzących, takich jak Chiny i Indie. Posłowie wezwali Komisję do wsparcia krajów rozwijającym się poprzez włączenie kwestii zaopatrzenia w zrównoważoną energię do swojej polityki współpracy na rzecz rozwoju.</xhtml:div>
<xhtml:div> </xhtml:div>
<xhtml:div align="justify">Posłowie uznają, że odpowiedzią na wysokie ceny ropy jest przejście na wykorzystywanie alternatywnych źródeł energii. Opowiadają się za koniecznością ustanowienia strategii monitorowania oraz konkretnych działań promujących badania i rozwój tak, aby Unia stała się gospodarką w mniejszym stopniu zależną od paliw kopalnych</xhtml:div>
<xhtml:div align="justify"> </xhtml:div>
<xhtml:div align="justify">Parlament zauważa, że wyższe ceny są także wynikiem podwyższonych stawek podatku VAT i podatków od energii nakładanych na produkty końcowe, ale apeluje o nie stosowanie interwencji w politykę podatkową, które uniemożliwiają dokonanie niezbędnych dostosowań.</xhtml:div>
<xhtml:div align="justify"> </xhtml:div>
<xhtml:div align="justify">Parlament wzywa Komisję do przedstawienia propozycji wykorzystania nieoczekiwanych nadwyżek w przemyśle naftowym na programy oszczędzania energii, technologie wykorzystujące energie alternatywne oraz związane z nimi badania i rozwój</xhtml:div>
<xhtml:div align="justify"> </xhtml:div>
<xhtml:div align="justify">Parlament uważa, że pełne wdrożenie istniejącego i powstającego prawodawstwa umożliwiłoby osiągnięcie do 2020 r. progu co najmniej 23% oszczędności w zużyciu energii.</xhtml:div>
<xhtml:div align="justify"> </xhtml:div>
<xhtml:div align="justify">Ponieważ sektor transportu odpowiada za zużycie 70% całej ropy naftowej zużywanej w UE, posłowie wzywają Komisję do ustanowienia środków zachęcających do wykorzystywanie bardziej wydajnych pod względem zużycia paliwa silników, czy przejścia na alternatywne technologie paliwowe i napędowe.</xhtml:div>
<xhtml:div align="justify"> </xhtml:div>
<xhtml:div align="justify">Parlament chce większego wsparcia dla produkcji surowców wchodzących w skład biopaliw oraz rozwoju wodorowych ogniw paliwowych.</xhtml:div>
<xhtml:div align="justify"> </xhtml:div>
<xhtml:div align="justify">W celu realizacji powyższych zaleceń, Parlament wzywa Komisję Europejską do przyspieszenia europejskiego planu działania na rzecz wydajności energii, wywierania większej presji na wdrożenie przez Państwa Członkowskie nowej dyrektywy w sprawie charakterystyki energetycznej budynków i osiągnięcia porozumienia w kwestii dyrektywy w sprawie usług energetycznych na posiedzeniu Rady ds. Transportu, Telekomunikacji i Energii w grudniu br. Posłowie wzywają też do wypełnienia celów w zakresie energii odnawialnej, a zarazem upowszechniania przyjaznej środowisku energetyki węglowej. Wzywają kraje UE do zachęcania producentów samochodów do produkowania pojazdów powodujących mniejsze zanieczyszczenie i zużywających mniej paliwa oraz zmniejszania ryzyka wykluczenia społecznego najbardziej narażonych grup społecznych.</xhtml:div>

</xhtml:div></Content><REF text-before="reference_abbr"><ns1:ID>20050921IPR00564</ns1:ID></REF></Infopress>
</imp:doc>
<imp:links imp:orderNum="0">
<LINK>
<LANGUAGE>PL</LANGUAGE>
<RANK>1</RANK>
<ORIGIN>PHOTO</ORIGIN>
<URL>20050926PHT00706.jpg</URL>
</LINK>
</imp:links>
<imp:assoc imp:orderNum="0">
<ASSOCIATION NAME="DTD">-//EP//DTD IM-PRESS 20050901 IPR DOC XML V0//EN</ASSOCIATION>
<ASSOCIATION NAME="XSL">-//EP//STYLESHEET IM-PRESS 20050901 IPR DOC XML V0//EN</ASSOCIATION>
</imp:assoc>
</imp:content>