<imp:content xmlns:imp="http://APIE.imp">

<imp:doc imp:orderNum="0">
<Infopress language="PL" xmlns:ns1="SipadeType" xmlns:xhtml="http://www.w3.org/1999/xhtml"><Title>Parlament chce zmniejszyć o połowę liczbę ofiar wypadków drogowych w Unii Europejskiej</Title><Topic>Transport</Topic><PublicationDate>2005-09-29 - 12:00</PublicationDate><Chapo>

Parlament wyraził zaniepokojenie stanem bezpieczeństwa na europejskich drogach, zwłaszcza w niektórych nowych Państwach Członkowskich. Przyjmując sprawozdanie w tej sprawie posłowie zawarli wiele zaleceń jak osiągnąć cel nadrzędny: Zmniejszenie o połowę liczby ofiar wypadków drogowych w Unii Europejskiej do 2010r.

</Chapo><Content><xhtml:div>

<xhtml:div align="justify"> </xhtml:div>
<xhtml:div align="justify">Każdego roku ponad 40.000 ofiar ginie w wypadkach na drogach UE. Do ogromu ludzkiego nieszczęścia, jakim jest śmierć człowieka, można jeszcze doliczyć koszty materialne w wysokości 180 miliardów €, czyli 2% unijnego PKB. Zdaniem posłów, jest to właściwy moment, aby przygotować daleko idący Program Działań na rzecz Poprawy Bezpieczeństwa Drogowego. </xhtml:div>
<xhtml:div align="justify"> </xhtml:div>
<xhtml:div align="justify">Posłowie wyrażają szczególne zaniepokojenie bezpieczeństwem najbardziej narażonych na wypadki użytkowników dróg. Jak wykazują badania, ryzyko utraty życia przez motocyklistę lub motorowerzystę jest 17-krotnie, a przez pieszych i rowerzystów aż 9-krotnie wyższe, niż w przypadku podróży samochodem. Posłowie zauważyli jednak, że skuteczna egzekucja już istniejących przepisów zdecydowanie podniosłaby bezpieczeństwo na drogach. </xhtml:div>
<xhtml:div align="justify"> </xhtml:div>
<xhtml:div align="justify">Zdaniem posłów najwyższy więc czas poprawić skuteczność ścigania i karania przez administracje krajowe wykroczeń drogowych. Zwrócili się do Komisji Europejskiej o opracowanie wspólnotowych regulacji umożliwiających ściganie wykroczeń drogowych popełnianych na terenie dowolnego kraju UE.</xhtml:div>
<xhtml:div align="justify"> </xhtml:div>
<xhtml:div align="justify">Parlament domaga się harmonizacji znaków drogowych na terenie Unii. Posłowie zauważają, że jednolity numer telefoniczny, pod którym należy zgłaszać nagłe wypadki nie jest znany wszystkim obywatelom Unii. Wezwali Komisję do sprawdzenia zarówno świadomości obywateli o istnieniu takiego numeru oraz jakości usług, jakich mogą się spodziewać dzwoniąc na numer 112. </xhtml:div>
<xhtml:div align="justify"> </xhtml:div>
<xhtml:div align="justify">Parlament zaleca upowszechnianie nowoczesnych technologii, które podnoszą bezpieczeństwo użytkowników dróg. Posłowie popierają obowiązkowe instalowanie systemów przypominających o zapięciu pasów bezpieczeństwa we wszystkich nowych pojazdach, wspierają jak najszybsze wprowadzenie w pojazdach systemów kontroli stabilności jazdy - ESC, a także systemów powiadamiania o nadmiernej prędkości i blokad antyalkoholowych. </xhtml:div>
<xhtml:div align="justify"> </xhtml:div>
<xhtml:div align="justify">Posłowie z zadowoleniem przyjmują Plan Działań mający na celu wyposażenie nowych pojazdów w automatyczny system eCall (połączenie ratunkowe) do 2009 r. oraz domagają się, jeżeli okaże się to opłacalne, do rozszerzenia tego systemu na pojazdy osobowe i pojazdy służące do przewozu niebezpiecznych towarów.</xhtml:div>

</xhtml:div></Content><REF text-before="reference_abbr"><ns1:ID>20050922IPR00585</ns1:ID></REF></Infopress>
</imp:doc>
<imp:links imp:orderNum="0">
</imp:links>
<imp:assoc imp:orderNum="0">
<ASSOCIATION NAME="DTD">-//EP//DTD IM-PRESS 20050901 IPR DOC XML V0//EN</ASSOCIATION>
<ASSOCIATION NAME="XSL">-//EP//STYLESHEET IM-PRESS 20050901 IPR DOC XML V0//EN</ASSOCIATION>
</imp:assoc>
</imp:content>