<imp:content xmlns:imp="http://APIE.imp">

<imp:doc imp:orderNum="0">
<Infopress language="PL" xmlns:ns1="SipadeType" xmlns:xhtml="http://www.w3.org/1999/xhtml"><Title>Rocznica „Solidarności” i jej przesłanie dla Europy - debata w Parlamencie Europejskim</Title><Topic>Instytucje</Topic><PublicationDate>2005-09-27 - 08:38</PublicationDate><Chapo>

W poniedziałek na posiedzeniu plenarnym Parlamentu Europejskiego w Strasburgu posłowie wysłuchali oświadczenia Komisji Europejskiej upamiętniającego 25. rocznicę ‘Solidarności' i jej przesłania dla Europy. Posłowie wyrażali podziw i uznanie dla polskich robotników i całego społeczeństwa za odwagę i determinację, z jaką doprowadzili do zmian, które zmieniły oblicze Europy. 

</Chapo><Content><xhtml:div>

<xhtml:div> </xhtml:div>
<xhtml:div align="justify">W imieniu parlamentarnej grupy Europejskiej Partii Ludowej (Chrześcijańskich Demokratów) i Europejskich Demokratów głos zabrał poseł Jacek <xhtml:strong>Emil SARYUSZ-WOLSKI </xhtml:strong>(PPE/DE, PL), który powiedział, że powstanie Solidarności oznaczało przełamanie jałtańskiego podziału Europy oraz odkrycie jej wartości przez kraje Europy zachodniej krępowane w tamtym okresie więzami realpolityki. Znaczenie tamtych wydarzeń ma wymiar ogólnoeuropejski, bo o ile przesłanie Schumana stanowiło fundament integracji europejskiej, to ideały solidarności stały się jej dopełnieniem, powiedział Saryusz-Wolski.</xhtml:div>
<xhtml:div align="justify"> </xhtml:div>
<xhtml:div align="justify">Poseł Józef <xhtml:strong>PINIOR </xhtml:strong>(PSE, PL) w imieniu Grupy Socjalistycznej wyraził uznanie polskim robotnikom, którzy zbuntowali się przeciw totalitarnemu systemowi i złożył hołd narodom Europy Wschodniej walczącym, o suwerenność narodową. Podziękował także wszystkim Europejczykom, którzy wspierali Polaków w walce o wolność i demokrację. Podkreślił, że obecnie solidarność też jest potrzebna w działaniach UE na rzecz likwidacji biedy, demokratyzacji i szerzenia praw człowieka tam, gdzie nie są one przestrzegane.</xhtml:div>
<xhtml:div align="justify"> </xhtml:div>
<xhtml:div align="justify">Z zadowoleniem przyjął poseł Bronisław <xhtml:strong>GEREMEK </xhtml:strong>(ADLE, PL) fakt, że świadomość tego, co wydarzyło się 25 lat temu w Gdańsku jest obecna dziś w Europie. Podkreślił, że robotnicy wystąpili z żądaniami politycznymi, gdyż chcieli wolności słowa, prasy, struktur państwowych. Żądania te stanowiły o istocie Europy, powiedział Bronisław Geremek. Podkreślił, że to ludzie zakończyli zimną wojnę i oni przyczynili się do tego, że dziś Europa może być zjednoczona.</xhtml:div>
<xhtml:div align="justify"> </xhtml:div>
<xhtml:div align="justify">Poseł Wojciech <xhtml:strong>ROSZKOWSKI </xhtml:strong>(UEN, PL) z Grupy Unii na rzecz Europy Narodów powiedział, że ćwierćwiecze tych wydarzeń to nie tylko okazja do upamiętnienia tego, co działo się w Polsce, ale też do przypomnienia o moralnych fundamentach europejskiej solidarności. Poseł Roszkowski podziękował wszystkim ludziom dobrej woli, którzy pomagali Solidarności. Przytaczając hasło "Nie ma wolności bez Solidarności" powiedział, że wolność nie jest celem samym w sobie, gdyż wolność gospodarcza bez solidarności sprawia, że bogaci się bogacą, a biedni ubożeją. Wolność jednostki bez moralności prowadzi do anarchii, a wolność bez solidarności z innymi ludźmi do deptania praw człowieka.</xhtml:div>
<xhtml:div align="justify"> </xhtml:div>
<xhtml:div align="justify">Solidarność okazała się tak samo skuteczna jak ruch Mahatmy Gandhiego, powiedział poseł Ryszard <xhtml:strong>CZARNECKI </xhtml:strong>(NI, PL) z grupy posłów niezrzeszonych. Dziewięć lat po powstaniu Solidarności runął mur berliński, a Czesi i Słowacy przeżyli swoją aksamitna rewolucję, ale początek tych wydarzeń miał miejsce w Gdańsku w 1980 roku, powiedział Czarnecki. "Uzyskana wolność  nie jest idealna, ale dzięki niej możemy dziś decydować o porządkach we własnym domu" powiedział polski poseł dziękując wszystkim, którzy się do tego przyczynili. </xhtml:div>
<xhtml:div align="justify"> </xhtml:div>
<xhtml:div align="justify">Także pozostali posłowie w wypowiedziach indywidualnych na forum Parlamentu Europejskiego  wyrażali podziw i uznanie dla polskich robotników i całego społeczeństwa za odwagę i determinację, z jaką doprowadzili do zmian, które zmieniły oblicze Europy. </xhtml:div>
<xhtml:div align="justify"> </xhtml:div>
<xhtml:div align="justify">Słoweński poseł Alojz <xhtml:strong>PETERLE </xhtml:strong>(PPE/DE, SI) powiedział, że Solidarność pomogła Słoweńcom zrozumieć słowa papieża "Nie lękajcie się". Poseł Jan <xhtml:strong>Tadeusz MASIEL </xhtml:strong>(NI, PL) powiedział, że bez Solidarności mur berliński runąłby później, albo stałby do dzisiaj. Jak powiedział, obalić komunizm próbowali Węgrzy w roku 1956 oraz Czesi i Słowacy w roku 1968, ale udało sie dopiero Polakom przy duchowym wsparciu papieża Jana Pawła II. Poseł Zbigniew <xhtml:strong>ZALESKI </xhtml:strong>(PPE/DE, PL) powiedział, że na osiągnięcie celów Europy mamy szanse uznając znaczenie ruchu, jakim była Solidarność. Posłanka Anna <xhtml:strong>IBRISAGIC </xhtml:strong>(PPE/DE, SE) powiedziała, że od Solidarności uczyli się Ci, którzy protestowali przeciw dyktaturze Slobodana Milosevicia i zrozumieli, że "solidarność musi pochodzić od wewnątrz, z głębi serca"</xhtml:div>
<xhtml:div align="justify"> </xhtml:div>
<xhtml:div align="justify">Odosobnionym głosem w debacie była wypowiedz greckiego posła Athanasiosa <xhtml:strong>PAFILISA </xhtml:strong>(GUE/NGL, EL), który nazwał Solidarność "trojańskim koniem kapitalizmu" i zarzucił jej doprowadzenie do bezrobocia, zatracenia zdobyczy społecznych i zniszczenia rolnictwa.</xhtml:div>
<xhtml:div> </xhtml:div>
<xhtml:div> </xhtml:div>
<xhtml:div> </xhtml:div>
<xhtml:div>Tekst rezolucji Parlamentu Europejskiego na temat 25 rocznicy powstania Solidarności dostępny jest na stronie: </xhtml:div>
<xhtml:div> </xhtml:div>
<xhtml:div><xhtml:a href="/omk/sipade3?TYPE-DOC=MOTION&amp;REF=B6-2005-0504&amp;MODE=SIP&amp;L=PL"><ANCHOR ID='1' FAMILY='MOTION'>http://www.europarl.europa.eu/omk/sipade3?TYPE-DOC=MOTION&amp;REF=B6-2005-0504&amp;MODE=SIP&amp;L=PL</ANCHOR></xhtml:a> </xhtml:div>

</xhtml:div></Content><REF text-before="reference_abbr"><ns1:ID>20050922IPR00574</ns1:ID></REF><Knowmore text-before="more"><Link href="www.solidarity.be" title="Solidarność - Droga do Zjednoczonej Europy">Informacje na temat obchodów 25 rocznicy powstania Solidarności w Brukseli</Link></Knowmore></Infopress>
</imp:doc>
<imp:links imp:orderNum="0">
<LINK>
<LANGUAGE>PL</LANGUAGE>
<RANK>2</RANK>
<ORIGIN>LINK</ORIGIN>
<URL>www.solidarity.be</URL>
</LINK>
</imp:links>
<imp:linkFile imp:orderNum='0'>
<LINK ID='1'>
<LINK-POS ID='1'/>
<LINK-TYPE ID='MOTION'/>
<LINK-TARGET-PUBREF>-//EP//TEXT MOTION B6-2005-0504 0 NOT XML V0//PL</LINK-TARGET-PUBREF>
</LINK>
</imp:linkFile>
<imp:assoc imp:orderNum="0">
<ASSOCIATION NAME="DTD">-//EP//DTD IM-PRESS 20050901 IPR DOC XML V0//EN</ASSOCIATION>
<ASSOCIATION NAME="XSL">-//EP//STYLESHEET IM-PRESS 20050901 IPR DOC XML V0//EN</ASSOCIATION>
</imp:assoc>
</imp:content>