<imp:content xmlns:imp="http://APIE.imp">

<imp:doc imp:orderNum="0">
<Infopress language="PL" xmlns:ns1="SipadeType" xmlns:xhtml="http://www.w3.org/1999/xhtml"><Title>Parlament uczcił pamięć ofiar katastrof naturalnych w Azji i Ameryce Środkowej</Title><Topic>Instytucje</Topic><PublicationDate>2005-10-12 - 17:39</PublicationDate><Photography href="20051007PHT01169" title="Posiedzenie plenarne w Brukseli" alt="Posiedzenie plenarne w Brukseli" ext="jpg" width="540" height="360">Plenary Session Brussels </Photography><Chapo>

Posłowie wezwali Przewodniczącego Komisji Europejskiej i Komisarza ds. rynku wewnętrznego i usług do stawienia się przed Parlamentem jeszcze w trakcie obecnego posiedzenia plenarnego. Minutą ciszy Parlament Europejski uczcił pamięć ofiar trzęsienia ziemi, które dotknęło Pakistan i północne Indie oraz huraganu Stan, który nawiedził kilka krajów Ameryki Środkowej. 

</Chapo><Content><xhtml:div>

<xhtml:div align="justify"> </xhtml:div>
<xhtml:div align="justify">Otwierając posiedzenie plenarne Parlamentu Europejskiego, Wiceprzewodniczący Alejo Vidal-Quadras Roca (EPP-ED, ES) wyraził współczucie rodzinom ofiar kataklizmów naturalnych w Azji Południowej i Ameryce Środkowej.</xhtml:div>
<xhtml:div align="justify"> </xhtml:div>
<xhtml:div align="justify">Wiceprzewodniczący Parlamentu Europejskiego powiedział, że Unia Europejska zareagowała szybko mobilizując wszelkie dostępne środki i zapewniając pomoc humanitarną przy współpracy z rządami krajów, dotkniętych katastrofami naturalnymi.</xhtml:div>
<xhtml:div align="justify"> </xhtml:div>
<xhtml:div align="justify">Minutą ciszy deputowani uczcili także pamięć zmarłego posła do Parlamentu Europejskiego - </xhtml:div>
<xhtml:div align="justify">Jürgen Zimmerlinga (EPP-ED/DE). Zmarły 8 października br. poseł Zimmerling był członkiem Komisji Rozwoju oraz członkiem Delegacji do spraw stosunków z państwami rejonu Zatoki Perskiej, w tym z Jemenem.</xhtml:div>
<xhtml:div align="justify"> </xhtml:div>
<xhtml:div align="justify">Posłowie zadecydowali także stosunkiem głosów 189 za, 157 przeciw i 10 wstrzymujących się, o wezwaniu Komisarza odpowiedzialnego za sprawy rynku wewnętrznego i usług Charlie McCreevy oraz Przewodniczącego Komisji Europejskiej Jose Manuela Barroso w celu skomentowania uwag na temat kompatybilności skandynawskiego modelu społecznego z europejskim modelem socjalnym, jakie miał rzekomo wygłosić McCreevy. Wniosek zgłosiła Grupa PES przy poparciu Zielonych i GEU/NGL. Grupa ALDE oraz UEN były przeciwne wnioskowi, a EPP-ED chciało wezwać tylko Komisarza McCreevy.</xhtml:div>
<xhtml:div align="justify"> </xhtml:div>
<xhtml:div align="justify"> </xhtml:div>
<xhtml:div><xhtml:strong>Zmiany w porządku obrad</xhtml:strong></xhtml:div>
<xhtml:div> </xhtml:div>
<xhtml:div>W porządku obrad sesji plenarnej Parlamentu Europejskiego w dniach 12 - 13 października znalazły się następujące zmiany:</xhtml:div>
<xhtml:div> </xhtml:div>
<xhtml:div><xhtml:u>Środa, 12 października</xhtml:u></xhtml:div>
<xhtml:div> </xhtml:div>
<xhtml:ul type="disc">
<xhtml:li>Do porządku obrad zostały dodane oświadczenia Rady i Komisji na temat aktualnych problemów z zakresu imigracji. 
</xhtml:li><xhtml:li>Następnym punktem obrad będą oświadczenia Rady i Komisji na temat sytuacji w Iranie.</xhtml:li>
<xhtml:li>Po komunikacie Komisji - Strategia na rzecz Afryki, dodane zostało oświadczenie Komisji na temat sytuacji w Etiopii.</xhtml:li></xhtml:ul>
<xhtml:div> </xhtml:div>
<xhtml:div><xhtml:u>Czwartek, 13 października</xhtml:u></xhtml:div>
<xhtml:div> </xhtml:div>
<xhtml:ul type="disc"><xhtml:li>Planowana na środę wieczór debata nad sprawozdaniem Jean Marie Beaupuy - Zagadnienia urbanistyczne w kontekście rozszerzenia (A6-0272/2005) - została przeniesiona na czwartek rano w miejsce debaty nad sprawozdaniem Bernarda Lehideux na temat protokołu w sprawie cukru, która została przesunięta na kolejną sesję.</xhtml:li><xhtml:li>Nie odbędzie się debata nad sprawozdaniem Nielsa Buska - Wyjątkowe działania wspierające rynek (A6-0266/2005), głosowanie - tak jak planowano - odbędzie się w czwartek.</xhtml:li><xhtml:li>Do porządku obrad dodano następujące głosowania:<xhtml:ul type="square">
<xhtml:li>dwa sprawozdania: Agustín Díaz de Mera García Consuegra Diaza dotyczące programu Perykles (A6-0274/2005 i A6-0275/2005)</xhtml:li>
<xhtml:li>sprawozdanie: Caroline Lucas (A6-0262/2005) - Perspektywy stosunków handlowych UE - Chiny (debata odbyła się podczas sesji plenarnej 29 września)</xhtml:li>
<xhtml:li>sprawozdanie: Timothy Kirkhope (A6-0201/2005) - Umowy stowarzyszeniowe UE/Szwajcaria (debata odbyła się  podczas sesji plenarnej 7 lipca).</xhtml:li></xhtml:ul></xhtml:li></xhtml:ul>

</xhtml:div></Content><REF text-before="reference_abbr"><ns1:ID>20051007IPR01155</ns1:ID></REF></Infopress>
</imp:doc>
<imp:links imp:orderNum="0">
<LINK>
<LANGUAGE>PL</LANGUAGE>
<RANK>1</RANK>
<ORIGIN>PHOTO</ORIGIN>
<URL>20051007PHT01169.jpg</URL>
</LINK>
</imp:links>
<imp:assoc imp:orderNum="0">
<ASSOCIATION NAME="DTD">-//EP//DTD IM-PRESS 20050901 IPR DOC XML V0//EN</ASSOCIATION>
<ASSOCIATION NAME="XSL">-//EP//STYLESHEET IM-PRESS 20050901 IPR DOC XML V0//EN</ASSOCIATION>
</imp:assoc>
</imp:content>