<imp:content xmlns:imp="http://APIE.imp">

<imp:doc imp:orderNum="0">
<Infopress language="PL" xmlns:ns1="SipadeType" xmlns:xhtml="http://www.w3.org/1999/xhtml"><Title>Minuta ciszy w hołdzie ofiarom zamachów w Ammanie. Tysiąc poprawek do REACH.</Title><Topic>Instytucje</Topic><PublicationDate>2005-11-15 - 16:07</PublicationDate><Chapo>

Parlament Europejski uczcił minutą ciszy pamięć ofiar ubiegłotygodniowych zamachów terrorystycznych w Ammanie. Przewodniczący Josep Borrell otwierając sesję Parlamentu Europejskiego w Strasburgu przekazał kondolencje rodzinom ofiar zamachów w Jordanii.

</Chapo><Content><xhtml:div>

<xhtml:div> </xhtml:div>
<xhtml:div align="left">Terroryzm jest zjawiskiem, które dotyka nie tylko Europę - zamachów dokonano w Casablance i Ammanie. Zdaniem Przewodniczącego Parlamentu terroryzm stanowi jednakowe zagrożenie po obu stronach Morza Śródziemnego i stanowi wspólny, z którym musi zmierzyć się społeczność międzynarodowa.</xhtml:div>
<xhtml:div align="left"> </xhtml:div>
<xhtml:div align="left"><xhtml:strong>W tym tygodniu w Strasburgu</xhtml:strong></xhtml:div>
<xhtml:div align="left"> </xhtml:div>
<xhtml:div align="left">Tematy listopadowej sesji plenarnej Parlamentu Europejskiego są nie tylko zróżnicowane, ale zawiera też niezwykle ważne w odbiorze społecznym. Najistotniejsza bez wątpienia będzie debata i głosowanie nad pakietem regulacji dla przemysłu chemicznego REACH, która w równym stopniu dotyczy wielkich koncernów chemicznych, co drobnych konsumentów nabywających towary wyprodukowane z wykorzystaniem niektórych niebezpiecznych substancji.</xhtml:div>
<xhtml:div align="left"> </xhtml:div>
<xhtml:div align="left">Prace nad opracowaniem projektu legislacyjnego trwały kilka lat. W tym tygodniu odbędzie się pierwsze czytanie projektu przygotowanego przez Komisję Europejską dwa lata temu. Posłowie zgłosili do niego ponad tysiąc poprawek i to już po zawarciu kompromisu między trzema największymi klubami parlamentarnymi.</xhtml:div>
<xhtml:div align="left"> </xhtml:div>
<xhtml:div align="left">Największym wyzwaniem w pracach legislacyjnych nad rozporządzeniem REACH jest konieczność pogodzenia interesów przemysłu chemicznego z ochroną środowiska i zdrowia obywateli. Poprawki zgłoszone przez parlamentarne Komisje Przemysłu oraz Rynku Wewnętrznego zmierzają do zmniejszenia obciążeń, jakie rozporządzenie REACH nakłada na przemysł. Komisja Ochrony Środowiska natomiast, nie negując konieczności zapewnienia konkurencyjności europejskiego przemysłu chemicznego, zgłosiła poprawki zaostrzające normy w zakresie ochrony środowiska i zdrowia ludzi.</xhtml:div>
<xhtml:div align="left"> </xhtml:div>
<xhtml:div align="left">Ponadto, szerokim zainteresowaniem ze strony sektora lotniczego jak i pasażerów powinna się cieszyć propozycja utworzenia europejskiej "czarnej listy" przewoźników lotniczych, którzy nie wypełniają unijnych norm bezpieczeństwa. Dość spontaniczna inicjatywa Komisji Europejskiej po serii katastrof lotniczych przeradza się obecnie w usystematyzowaną propozycję regulacji bezpieczeństwa lotów na poziomie wspólnotowym.</xhtml:div>
<xhtml:div align="left"> </xhtml:div>
<xhtml:div align="left">Łagodzenie zmian klimatycznych i zapobieganie ich skutkom, to kolejny ważki temat, który dotyczy wszystkich. Jak wspierać rozwój energooszczędnych technologii, promować stosowanie biomasy i biopaliw, ograniczać emisję gazów cieplarnianych, zmniejszać niekorzystne oddziaływanie sektora transportowego nie pogarszając konkurencyjności i nie przerzucając dodatkowych kosztów na odbiorców?</xhtml:div>
<xhtml:div align="left"> </xhtml:div>
<xhtml:div align="left">I wreszcie społeczny wymiar globalizacji, temat nad którym debata rozgorzała na nowo po niedawnym opublikowaniu przez Komisję Europejską specjalnego komunikatu i zapowiedzi utworzenia specjalnego funduszu na łagodzenie niekorzystnych skutków globalizacji.</xhtml:div>
<xhtml:div align="left"> </xhtml:div>
<xhtml:div align="left">Do porządku obrad została dodana debata nad deklaracjami prezydenta Iranu Mahmuda Ahmadineżada, który wezwał do "wymazania Izraela z mapy świata" (debata w środę, głosowanie nad rezolucją w czwartek) oraz debata na temat informacji Human Rights Watch o "centrach odosobnienia", jakie rzekomo organizuje CIA w krajach Europy Wschodniej (bez rezolucji, debata w poniedziałek).</xhtml:div>
<xhtml:div align="left"> </xhtml:div>
<xhtml:div align="left"><xhtml:strong>Zmiany w porządku obrad</xhtml:strong></xhtml:div>
<xhtml:div align="left"> </xhtml:div>
<xhtml:div align="left"><xhtml:strong>Poniedziałek, 14 listopada </xhtml:strong></xhtml:div>
<xhtml:div align="left"> </xhtml:div>
<xhtml:div align="left">Do porządku obrad dodano: </xhtml:div>
<xhtml:div align="left">- Oświadczenie Komisji - "Tajne ośrodki odosobnienia" w Europie.</xhtml:div>
<xhtml:div align="left">- Oświadczenie Komisji - System importu bananów.</xhtml:div>
<xhtml:div align="left"> </xhtml:div>
<xhtml:div align="left">Pytanie ustne - Dyrektywa w sprawie instytucji emerytalnych Pytanie ustne - Ieke van den Burg, Othmar Karas (O-0094/2005 - B6-0338/2005) zostało przeniesione ze środy na poniedziałek</xhtml:div>
<xhtml:div align="left"> </xhtml:div>
<xhtml:div align="left">Z porządku obrad wyjęto debaty nad: </xhtml:div>
<xhtml:div align="left">- Sprawozdaniem: Albert Jan Maat (A6-0284/2005): Węgorze europejskie</xhtml:div>
<xhtml:div align="left">- Sprawozdaniem: Patrizia Toia (A6-0293/2005): Ubezpieczenie społeczne pracowników najemnych i członków ich rodzin przemieszczających się na obszarze WE</xhtml:div>
<xhtml:div align="left"> </xhtml:div>
<xhtml:div align="left"><xhtml:strong>Wtorek, 15 listopada</xhtml:strong></xhtml:div>
<xhtml:div align="left"> </xhtml:div>
<xhtml:div align="left">Odbędą się głosownia nad: </xhtml:div>
<xhtml:div align="left">- Sprawozdaniem: Patrizia Toia (A6-0293/2005) - Ubezpieczenie społeczne pracowników najemnych i członków ich rodzin przemieszczających się na obszarze WE</xhtml:div>
<xhtml:div align="left">- Sprawozdaniem: Albert Jan Maat (A6-0284/2005) - Węgorze europejskie</xhtml:div>
<xhtml:div align="left">Do porządku obrad dodano głosowanie:</xhtml:div>
<xhtml:div align="left">- Sprawozdanie: Giuseppe Gargani (A6-0316/2005) - Naruszenie protokołu przywilejów i immunitetów Wspólnot Europejskich przez Państwo Członkowskie</xhtml:div>
<xhtml:div align="left"> </xhtml:div>
<xhtml:div align="left"><xhtml:strong>Środa, 16 listopada</xhtml:strong></xhtml:div>
<xhtml:div align="left"> </xhtml:div>
<xhtml:div align="left">- Debata na temat Iraku odbędzie się przed debatą na temat zmian klimatycznych</xhtml:div>
<xhtml:div align="left">- Do porządku obrad dodano: Oświadczenia Rady i Komisji - Ostatnie oświadczenia Mahmouda Ahmadinedżada, prezydenta Iranu </xhtml:div>

</xhtml:div></Content><REF text-before="reference_abbr"><ns1:ID>20051115IPR02303</ns1:ID></REF></Infopress>
</imp:doc>
<imp:links imp:orderNum="0">
</imp:links>
<imp:assoc imp:orderNum="0">
<ASSOCIATION NAME="DTD">-//EP//DTD IM-PRESS 20050901 IPR DOC XML V0//EN</ASSOCIATION>
<ASSOCIATION NAME="XSL">-//EP//STYLESHEET IM-PRESS 20050901 IPR DOC XML V0//EN</ASSOCIATION>
</imp:assoc>
</imp:content>