<imp:content xmlns:imp="http://APIE.imp">

<imp:doc imp:orderNum="0">
<Infopress language="PL" xmlns:ns1="SipadeType" xmlns:xhtml="http://www.w3.org/1999/xhtml"><Title>REACH: Parlament godzi interesy przemysłu chemicznego, ochrony środowiska i zdrowia</Title><Topic>Środowisko</Topic><PublicationDate>2005-11-18 - 15:56</PublicationDate><Photography href="20051116PHT02383" title="Parlament przyjął w pierwszym czytaniu projekt rozporządzenia REACH" alt="Parlament przyjął w pierwszym czytaniu projekt rozporządzenia REACH" ext="jpg" width="482" height="724">Pakiet REACH</Photography><Chapo>

Pierwszy etap legislacyjnego maratonu już za nami: Parlament Europejski przyjął pakiet REACH, najbardziej złożony projekt legislacyjny, jaki kiedykolwiek trafił pod obrady. Obawy zgłaszane przez sektor małych i średnich przedsiębiorstw dotyczące nadmiernej regulacji sektora zostały uwzględnione w wypracowanej wersji kompromisowej pakietu. Jednocześnie przyjęty projekt rozporządzenia powinien przyczynić się do lepszej ochrony środowiska i zdrowia.

</Chapo><Content><xhtml:div>

<xhtml:div align="justify"> </xhtml:div>
<xhtml:div align="justify"><xhtml:strong><xhtml:em>"Parlament Europejski udowodnił, że potrafi sprostać swoim obowiązkom i w odpowiedzi na niektóre obawy Europejczyków zapewnił im utrzymanie konkurencyjnych miejsc pracy przy wysokim poziomie ochrony ich zdrowia i środowiska naturalnego"</xhtml:em></xhtml:strong> - powiedział Przewodniczący Parlamentu Europejskiego Josep Borrell po przyjęciu pakietu legislacyjnego w sprawie rejestracji, oceny i zatwierdzania produktów chemicznych - REACH.</xhtml:div>
<xhtml:div align="justify"> </xhtml:div><xhtml:div>
<xhtml:div align="justify">Rezolucja legislacyjna została przyjęta stosunkiem głosów <xhtml:strong>398</xhtml:strong> za (Geremek, Kułakowski, Onyszkiewicz, Czarnecki Ryszard, Masiel, Piskorski, Rutowicz, Siekierski, Wojciechowski Janusz, Geringer de Oedenberg, Gierek, Golik, Grabowska, Kuc, Pinior, Rosati, Siwiec, Szejna) <xhtml:strong>148</xhtml:strong> przeciw (Chruszcz, Giertych, Grabowski, Krupa, Pęk, Piotrowski, Tomczak, Wojciechowski Bernard, Zapałowski, Czarnecki Marek Aleksander, Jałowiecki, Kaczmarek, Kudrycka, Lewandowski, Olbrycht, Saryusz-Wolski, Sonik, Zaleski, Kamiński, Libicki, Roszkowski, Szymański) i <xhtml:strong>36</xhtml:strong> wstrzymujących się (Chmielewski, Janowski, Kuźmiuk, Podkański). </xhtml:div></xhtml:div>
<xhtml:div align="justify"> </xhtml:div>
<xhtml:div align="justify">W głosowaniu posłowie poparli pakiet poprawek <xhtml:span>(438 za, 144 przeciw i 15 wstrzymujących się) </xhtml:span>stanowiących tzw. kompromis między dwoma największymi klubami parlamentarnymi EPP-ED i PES przy poparciu liberałów z grupy ALDE. Kompromis dotyczy głównie tej części regulacji, która odnosi się do obowiązkowej rejestracji substancji chemicznych, ale przegłosowano też pakiet poprawek trzech klubów - PES, ALDE,  Zielonych oraz Komisji ds. Ochrony Środowiska (ENVI) dotyczących autoryzacji.</xhtml:div>
<xhtml:div align="justify"> </xhtml:div>
<xhtml:div align="justify">Ogólną zasadą przyjętą w rozporządzeniu jest obowiązek unikania, wszędzie gdzie jest to możliwe, wprowadzania na rynek produktów, które mogą szkodzić ludziom lub środowisku.</xhtml:div>
<xhtml:div align="justify"> </xhtml:div>
<xhtml:div align="justify">Rozporządzenie przewiduje trójstopniową procedurę identyfikacji i kontroli stosowania niektórych substancji chemicznych.</xhtml:div>
<xhtml:div align="justify"> </xhtml:div>
<xhtml:div align="justify"><xhtml:strong>Rejestracja</xhtml:strong></xhtml:div>
<xhtml:div align="justify"> </xhtml:div>
<xhtml:div align="justify">Producenci środków chemicznych będą zobowiązani do rejestracji substancji chemicznych wykorzystywanych w produkcji i przedstawiania informacji o jego właściwościach i bezpieczeństwie. Obowiązuje generalna zasada - im mniejsza jest produkcja szkodliwych substancji, tym mniej informacji trzeba będzie przedstawiać do rejestracji.</xhtml:div>
<xhtml:div align="justify"> </xhtml:div>
<xhtml:div align="justify">Obowiązywać będą progi w zależności od wolumenu produkcji - 1 - 10 ton, 10-100 ton, od 100 - 1000 ton i ponad 1000 ton produkcji rocznie. Substancje chemiczne będą wprowadzane do systemu REACH (poprzez ich rejestrację) w kolejnych cyklach po 3, 6 oraz 11 latach w zależności od wielkości produkcji. W pierwszym rzędzie, w ciągu trzech lat od wejścia w życie REACH rejestracji podlegać będą substancje rakotwórcze, mutageny, toksyny hamujące rozród, jeśli produkowane są w ilości ponad 1ttona rocznie oraz inne substancje produkowane w ilości powyżej 1000 ton.</xhtml:div>
<xhtml:div align="justify"> </xhtml:div>
<xhtml:div align="justify">Przyjęto też poprawki wprowadzające rejestrację w ciągu 3 pierwszych lat dla substancji klasyfikowanych jako bardzo toksyczne dla organizmów wodnych mogące mieć długotrwały niekorzystny wpływ na środowisko wodne produkowane na terenie Wspólnoty lub sprowadzane w ilościach rzędu 100 ton lub więcej rocznie, albo w ciągu 6 pierwszych lat, jeśli są produkowane lub importowane w ilości ponad 1 tony rocznie.</xhtml:div>
<xhtml:div align="justify"> </xhtml:div>
<xhtml:div align="justify">Przyjęty kompromis zakłada uproszczenie fazy rejestracji w drodze wstępnej pre-rejestracji wszystkich substancji chemicznych znajdujących się w europejskim wykazie istniejących substancji o znaczeniu handlowym (EINECS) w terminie 18 miesięcy od wejścia w życie rozporządzenia (plus dodatkowe 6 miesięcy dla MŚP).</xhtml:div>
<xhtml:div align="justify"> </xhtml:div>
<xhtml:div align="justify">Kompromisowe poprawki zmniejszają też nieco wymagania dotyczące ilości i kosztów związanych z przekazywaniem danych na temat substancji do rejestracji, choć wprowadzono zapis, który w przedkładanych informacjach każe uwzględniać potencjalne zagrożenie, jakie niesie dana substancja, a nie tylko jej wielkość produkcji.</xhtml:div>
<xhtml:div align="justify"> </xhtml:div>
<xhtml:div align="justify">Przyjęto zapis, który przewiduje tylko jedną rejestrację dla jednej substancji chemicznej i umożliwia tworzenie przez przemysł konsorcjów w celu wspólnego występowania o rejestrację. Przedsiębiorstwa będą zatem musiały dzielić się informacjami dotyczącymi bezpieczeństwa, w tym informacjami na temat wyników badań, co pozwoli uniknąć wielokrotnych rejestracji i zbędnego powtarzania testów (w tym na zwierzętach). Wprowadzono jednak możliwości odstąpienia od udostępniania informacji w sytuacjach gdy (a) koszty wzajemnego udostępniania sobie informacji są zbyt wysokie, (b) dane nie mają zastosowania do substancji, (c) informacje są poufne pod względem komercyjnym i rejestrujący ma powody do obaw, że wymóg podzielenia się nimi zagrozi mu utratą przychodów. Ostateczną decyzję będzie zawsze podejmować nowa Europejska Agencja Produktów Chemicznych. Wprowadzono też zasady proporcjonalnego udziału w kosztach rejestracji, choć MŚP będą miały prawo do wnoszenia opłat zredukowanych.</xhtml:div>
<xhtml:div align="justify"> </xhtml:div>
<xhtml:div align="justify">Utrzymano zasadę, która nakłada w całości ciężar przedstawiania informacji na temat zagrożeń i ryzyka związanego ze stosowaniem określonych substancji chemicznych oraz środków redukujących to zagrożenie na przedsiębiorstwa przemysłu chemicznego (burden of proof), odrzucając propozycje, by w określonych przypadkach informacje takie gromadziła Agencja Produktów Chemicznych.</xhtml:div>
<xhtml:div align="justify"> </xhtml:div>
<xhtml:div align="justify"><xhtml:strong>Ocena</xhtml:strong></xhtml:div>
<xhtml:div align="justify"> </xhtml:div>
<xhtml:div align="justify">Dane dotyczące bezpieczeństwa środków chemicznych będą poddawane ocenie Europejskiej Agencji Produktów Chemicznych z siedzibą w Helsinkach. Aby uniknąć niejasności i nakładania kompetencji, posłowie uważają, że Agencja powinna odpowiadać za całokształt polityki wobec sektora chemicznego UE i zarządzać procesem rejestracji, oceny i autoryzacji substancji w porozumieniu i przy wsparciu właściwych organów narodowych Państw Członkowskich. </xhtml:div>
<xhtml:div align="justify"> </xhtml:div>
<xhtml:div align="justify"><xhtml:strong>Autoryzacja</xhtml:strong></xhtml:div>
<xhtml:div align="justify"> </xhtml:div>
<xhtml:div align="justify">Jednym z podstawowych celów pakietu REACH jest stopniowe wycofywanie z użytku substancji chemicznych stanowiących bardzo duże zagrożenie i ich zastępowanie przez bezpieczniejsze odpowiedniki.</xhtml:div>
<xhtml:div align="justify"> </xhtml:div>
<xhtml:div align="justify">Zgodnie z projektem rozporządzenia i dyrektywy REACH związkami wysokiego ryzyka są substancje o właściwościach rakotwórczych, uszkadzające DNA lub zaburzające procesy reprodukcji; substancje trwałe, ulegające bioakumulacji, a zarazem toksyczne; substancje bardzo trwałe i wykazujące szczególnie silną zdolność do bioakumulacji (vPvB); inne substancje niebezpieczne, w tym substancje naruszające gospodarkę hormonalną organizmu.</xhtml:div>
<xhtml:div align="justify"> </xhtml:div>
<xhtml:div align="justify">Utrzymane zostały zapisy, które przewidują autoryzację, jeżeli nie istnieją właściwe substancje lub technologie alternatywne oraz wprowadzono środki mające na celu zminimalizowanie narażenia, oraz udowodniono, że korzyści społeczne i gospodarcze przeważają nad zagrożeniem dla zdrowia ludzi i środowiska wynikającego ze stosowania substancji, oraz ryzyko dla zdrowia ludzi lub środowiska wynikające ze stosowania substancji, jest właściwie kontrolowane. </xhtml:div>
<xhtml:div align="justify"> </xhtml:div>
<xhtml:div align="justify">---</xhtml:div>
<xhtml:div align="justify"> </xhtml:div>
<xhtml:div align="justify">Projekt rozporządzenia w sprawie rejestracji, oceny i zatwierdzania produktów chemicznych jest jednym z największych i najbardziej złożonych aktów prawnych, nad którymi pracował Parlament Europejski. Szeroki zakres pakietu legislacyjnego powoduje, że dotyka on wielu zagadnień społecznych i ekonomicznych, takich jak ochrona środowiska, zdrowie obywateli, konkurencyjność przemysłu, warunki pracy i ochrona pracowników. Na rynku europejskim zastosowanie znajduje ponad 100 000 rozmaitych substancji chemicznych. Przemysł chemiczny w Europie zatrudnia ponad 1,7 miliona pracowników, a dalsze 3 miliony jest zatrudnione w sektorach współpracujących. Europejski przemysł chemiczny jest największym producentem chemikaliów na świecie, a jego strukturę tworzą zarówno wielonarodowe koncerny, jak i ponad 25 000 małych i średnich przedsiębiorstw.</xhtml:div>
<xhtml:div align="justify"> </xhtml:div>
<xhtml:div align="justify">Proces legislacyjny nad REACH rozpoczął się wraz z przedstawieniem projektu rozporządzenia przez Komisję Europejską w październiku 2003 roku. Przedstawienie projektu poprzedził pięcioletni okres konsultacji i analiz. W 2001 roku KE przedstawiła Białą Księgę, która po pozytywnym zaopiniowaniu przez Parlament Europejski otworzyła drogę do opracowania ostatecznej propozycji legislacyjnej.</xhtml:div>

</xhtml:div></Content><REF text-before="reference_abbr"><ns1:ID>20051118IPR02581</ns1:ID></REF></Infopress>
</imp:doc>
<imp:links imp:orderNum="0">
<LINK>
<LANGUAGE>PL</LANGUAGE>
<RANK>1</RANK>
<ORIGIN>PHOTO</ORIGIN>
<URL>20051116PHT02383.jpg</URL>
</LINK>
</imp:links>
<imp:assoc imp:orderNum="0">
<ASSOCIATION NAME="DTD">-//EP//DTD IM-PRESS 20050901 IPR DOC XML V0//EN</ASSOCIATION>
<ASSOCIATION NAME="XSL">-//EP//STYLESHEET IM-PRESS 20050901 IPR DOC XML V0//EN</ASSOCIATION>
</imp:assoc>
</imp:content>