<imp:content xmlns:imp="http://APIE.imp">

<imp:doc imp:orderNum="0">
<Infopress language="PL" xmlns:ns1="SipadeType" xmlns:xhtml="http://www.w3.org/1999/xhtml"><Title>Globalizacja musi być procesem uwzględniającym wymiar społeczny</Title><Topic>Polityka społeczna</Topic><PublicationDate>2005-11-16 - 14:23</PublicationDate><Photography href="20051115PHT02319" title="Globalizacja powinna być procesem uwzględniającym wymiar społeczny, opartym na powszechnie uznawanych wartościach, poszanowaniu praw człowieka i godności jednostk" alt="Globalizacja powinna być procesem uwzględniającym wymiar społeczny, opartym na powszechnie uznawanych wartościach, poszanowaniu praw człowieka i godności jednostk" ext="jpg" width="650" height="537">Społeczny wymiar globalizacji</Photography><Chapo>

Skoro globalizacja pozytywnie wpływa na gospodarkę, to korzyści z tym związane powinniśmy odczuć wszyscy, a jej negatywne skutki w sferze socjalnej powinny być równoważone przez przemyślaną politykę społeczną. Takie konkluzje zawiera sprawozdanie słoweńskiego posła Mihaela Brejca w sprawie społecznego wymiaru globalizacji. Działania podjęte przez UE, jeśli odniosą pożądany skutek, mogłyby stać się inspiracją dla innych regionów świata.

</Chapo><Content><xhtml:div>

<xhtml:div align="justify"> </xhtml:div>
<xhtml:div align="justify">Posłowie z zadowoleniem przyjmują komunikat Komisji Europejskiej zatytułowany „Społeczny wymiar globalizacji - wkład polityki unijnej w rozszerzenie korzyści na wszystkich" i uważają, że umożliwia on rozpoczęcie debaty nad sprawozdaniem Światowej Komisji ds. Społecznego Wymiaru Globalizacji, mającej na celu określenie polityki Unii w tym zakresie. Posłowie oczekują, że Komisja przedstawi teraz bardziej konkretne propozycje i zapewni wraz z Radą niezbędne środki i inwestycje dotyczące wewnętrznej i zewnętrznej polityki UE w tej dziedzinie.</xhtml:div>
<xhtml:div align="justify"> </xhtml:div>
<xhtml:div align="justify">Zdaniem posłów globalizacja musi być procesem wyraźnie uwzględniającym wymiar społeczny, opartym na powszechnie uznawanych wartościach, poszanowaniu praw człowieka i godności jednostki. Globalizacja musi być procesem sprawiedliwym, nie powodującym wykluczenia i powiązanym z Milenijnymi Celami Rozwoju.</xhtml:div>
<xhtml:div align="justify"> </xhtml:div>
<xhtml:div align="justify">Parlament uważa, że należy zadbać o podnoszenie świadomości w zakresie społecznej odpowiedzialności biznesu, w szczególności korporacji międzynarodowych. Zdaniem posłów odpowiedzialność społeczna i środowiskowa biznesu międzynarodowego powinna być jasno ustalona i wzywają Komisję do opublikowania komunikatu w tej sprawie.</xhtml:div>
<xhtml:div align="justify"> </xhtml:div>
<xhtml:div align="justify">Zdaniem posłów zrewidowana Strategia Lizbońska może być przydatnym narzędziem, umożliwiającym sprostanie wielu wyzwaniom globalizacji, w ramach którego podkreśla się wzajemną zależność aspektów gospodarczych, społecznych i ekologicznych. </xhtml:div>
<xhtml:div align="justify"> </xhtml:div>
<xhtml:div align="justify">Posłowie uznają, że warunkiem globalnego rozwoju w kierunku sprawiedliwości społecznej jest tworzenie większej liczby miejsc prac i wskazują, że niektóre aspekty dobrej praktyki w Państwach Członkowskich mogą stanowić wzór dla innych części świata, pod warunkiem, że Państwa Członkowskie z powodzeniem przeprowadzą konieczne reformy strukturalne poprzez wzajemne wzmocnienie i dostosowanie ich rozwoju gospodarczego oraz polityki społecznej i zatrudnienia. Posłowie wzywają Państwa Członkowskie i ich rządy do przyjęcia odpowiedzialności za powodzenie zrewidowanej Strategii Lizbońskiej.</xhtml:div>
<xhtml:div align="justify"> </xhtml:div>
<xhtml:div align="justify">W celu pobudzenia wzrostu gospodarczego, poziomów zatrudnienia i integracji społecznej w krajach trzeciego świata należy im umożliwić zwiększenie sprzedaży w UE tak, aby globalizacja nie oznaczała wyłącznie większych możliwości sprzedaży dla UE poza Europą. Dlatego posłowie uznają konieczność reformy Wspólnej Polityki Rolnej UE.</xhtml:div>
<xhtml:div align="justify"> </xhtml:div>
<xhtml:div align="justify">Posłowie uważają również, że polityka UE w dziedzinie handlu, rolnictwa i polityka zagraniczna powinny być zgodne z polityką w dziedzinie rozwoju, określoną w art. 178 Traktatu. Podkreślają znaczenie uczciwego handlu w działaniach na rzecz likwidacji ubóstwa na obszarach wiejskich. Posłowie chcą, aby Komisja wypełniała zobowiązania większego wsparcia technicznego i finansowego dla producentów wyrobów zgodnych z zasadami uczciwego handlu.</xhtml:div>
<xhtml:div align="justify"> </xhtml:div>
<xhtml:div align="justify">Dialog społeczny, poszanowanie praw człowieka i ochrona praw dzieci powinny zajmować więcej miejsca w różnych programach zewnętrznych UE. Sposobem na walkę z ubóstwem jest gwarancja godnej pracy, w tym poszanowanie praw pracowniczych, ochrona socjalna oraz równouprawnienie kobiet i mężczyzn.</xhtml:div>
<xhtml:div align="justify"> </xhtml:div>
<xhtml:div align="justify">Parlament zwraca się do Komisji o przedstawienie propozycji dotyczącej nadawania produktom oznaczeń o wyprodukowaniu ich w społecznie akceptowanych warunkach <xhtml:em>(social labelling)</xhtml:em> na podstawie takich kryteriów, jak przestrzeganie praw człowieka i praw związków zawodowych, jakość środowiska pracy, kształcenie i rozwój pracowników, równe traktowanie oraz socjalne i etyczne uznanie dla pracowników i obywateli.</xhtml:div>
<xhtml:div align="justify"> </xhtml:div>
<xhtml:div align="justify">Unia powinna wykorzystywać ramy stosunków dwustronnych do propagowania zaleceń Światowej Komisji ds. Społecznego Wymiaru Globalizacji tak, aby miejsca pracy przenoszone i lokalizowane poza UE nie stawały się zakładami wyzyskującymi siłę roboczą, lecz by tworzono tam wysokiej jakości miejsca pracy, które będą podnosić jakości życia pracowników i ich rodzin w danych krajach.</xhtml:div>
<xhtml:div align="justify"> </xhtml:div>
<xhtml:div align="justify">Posłowie zauważają także, że krajowe polityki migracyjne podporządkowane są w coraz większym stopniu potrzebom wewnętrznych rynków pracy i nalegają, by opierały się one na Międzynarodowej konwencji w sprawie ochrony praw wszystkich pracowników migrujących oraz członków ich rodzin.</xhtml:div>

</xhtml:div></Content><REF text-before="reference_abbr"><ns1:ID>20051116IPR02345</ns1:ID></REF></Infopress>
</imp:doc>
<imp:links imp:orderNum="0">
<LINK>
<LANGUAGE>PL</LANGUAGE>
<RANK>1</RANK>
<ORIGIN>PHOTO</ORIGIN>
<URL>20051115PHT02319.jpg</URL>
</LINK>
</imp:links>
<imp:assoc imp:orderNum="0">
<ASSOCIATION NAME="DTD">-//EP//DTD IM-PRESS 20050901 IPR DOC XML V0//EN</ASSOCIATION>
<ASSOCIATION NAME="XSL">-//EP//STYLESHEET IM-PRESS 20050901 IPR DOC XML V0//EN</ASSOCIATION>
</imp:assoc>
</imp:content>