<imp:content xmlns:imp="http://APIE.imp">

<imp:doc imp:orderNum="0">
<Infopress language="PL" xmlns:ns1="SipadeType" xmlns:xhtml="http://www.w3.org/1999/xhtml"><Title>Parlament odrzucił projekt decyzji w sprawie zabezpieczania danych przez operatorów telekomunikacyjnych</Title><Topic>Wymiar sprawiedliwości i sprawy wewnętrzne</Topic><PublicationDate>2005-09-27 - 13:38</PublicationDate><Photography href="20050926PHT00702" ext="jpg" width="610" height="574">Telecoms Equipment</Photography><Chapo>

Posłowie uznali, że propozycja czterech Państw Członkowskich dotycząca gromadzenia danych o tym z kim i skąd się kontaktujemy może naruszać naszą prywatność. Posłowie oczekują środków proporcjonalnych do zagrożenia. Uważają też, że Parlament powinien mieć takie samo prawo głosu jak rządy narodowe, dlatego popierają inicjatywę legislacyjną Komisji Europejskiej w tej samej sprawie. 

</Chapo><Content><xhtml:div>

<xhtml:div align="justify"> </xhtml:div>
<xhtml:div align="justify">Celem inicjatywy Francji, Wielkiej Brytanii, Irlandii i Szwecji było ułatwienie współpracy organów wymiaru sprawiedliwości poprzez ujednolicenie przepisów Państw Członkowskich w zakresie zabezpieczania danych gromadzonych i przetwarzanych przez operatorów sieci telekomunikacyjnych. Projekt zakłada przechowywanie danych z protokołów transmisji przez co najmniej 12 miesięcy, nie dłużej niż 36 miesięcy. </xhtml:div>
<xhtml:div align="justify"> </xhtml:div>
<xhtml:div align="justify">O odrzuceniu projektu zadecydowały wątpliwości posłów co do wyboru podstawy prawnej i współmierności proponowanych środków. </xhtml:div>
<xhtml:div align="justify"> </xhtml:div>
<xhtml:div align="justify">W ubiegłym tygodniu Komisja Europejska przedstawiła swój własny projekt dyrektywy w tej sprawie, będący częścią pakietu legislacyjnego pozwalającego skuteczniej walczyć z zagrożeniem terrorystycznym w Europie. Posłowie życzliwie przyjęli inicjatywę Komisji Europejskiej, nie tylko dlatego, że przewiduje krótsze okresy przechowywania danych, ale także dlatego, że zastosowana w niej podstawa prawna daje Parlamentowi Europejskiemu większy wpływ na proces legislacyjny. </xhtml:div>
<xhtml:div align="justify"> </xhtml:div>
<xhtml:div align="justify">Prezydencja Brytyjska w Radzie, na spotkaniu ministrów sprawiedliwości i spraw wewnętrznych UE 12 i 13 października, będzie musiała podjąć decyzję, czy forsować projekt 4 państw, czy poprzeć inicjatywę Komisji Europejskiej. Propozycja Rady juz raz nie uzyskała wymaganej jednomyślności, natomiast projekt KE wymagałby jedynie zwykłej większości głosów, ale także akceptacji przez Parlament. </xhtml:div>

</xhtml:div></Content><REF text-before="reference_abbr"><ns1:ID>20050921IPR00560</ns1:ID></REF></Infopress>
</imp:doc>
<imp:links imp:orderNum="0">
<LINK>
<LANGUAGE>PL</LANGUAGE>
<RANK>1</RANK>
<ORIGIN>PHOTO</ORIGIN>
<URL>20050926PHT00702.jpg</URL>
</LINK>
</imp:links>
<imp:assoc imp:orderNum="0">
<ASSOCIATION NAME="DTD">-//EP//DTD IM-PRESS 20050901 IPR DOC XML V0//EN</ASSOCIATION>
<ASSOCIATION NAME="XSL">-//EP//STYLESHEET IM-PRESS 20050901 IPR DOC XML V0//EN</ASSOCIATION>
</imp:assoc>
</imp:content>