<imp:content xmlns:imp="http://APIE.imp">

<imp:doc imp:orderNum="0">
<Infopress language="PL" xmlns:ns1="SipadeType" xmlns:xhtml="http://www.w3.org/1999/xhtml"><Title>Parlament przegłosował trzeci pakiet kolejowy</Title><Topic>Transport</Topic><PublicationDate>2005-09-28 - 17:10</PublicationDate><Photography href="20050926PHT00704" title="PE przyjmuje pakiet legislacyjny dla sektora kolejowego" alt="PE przyjmuje pakiet legislacyjny dla sektora kolejowego" ext="jpg" width="750" height="466">Pakiet legislacyjny dla sektora kolejowego</Photography><Chapo>

Posłowie opowiedzieli się za odszkodowaniami dla podróżnych, ale nie chcą karać przewoźników za spóźnione dostawy towarów. Pasażerowie będą mogli uzyskać zwrot w gotówce w przypadku opóźnień pociągów, ale sankcje w przewozach towarowych zwiększyłyby koszty i zakłócały konkurencję na rynku. Należy raczej ułatwiać dostęp do rynku nowym przewoźnikom, sądzą deputowani. Aby zwiększyć mobilność na rynku pracy, Parlament proponuje jednolite uprawnienia zawodowe dla maszynistów.

</Chapo><Content><xhtml:div>

<xhtml:div align="justify"> </xhtml:div>
<xhtml:div align="justify">Parlament głosował dziś projekt tzw. trzeciego pakietu kolejowego, w skład którego wchodzą projekty dwóch rozporządzeń oraz dwóch dyrektyw dotyczących poprawy konkurencyjności, bezpieczeństwa i jakości usług w zakresie przewozów kolejowych we Wspólnocie. Nowe regulacje mają przyczynić się do zwiększenia zainteresowania przewozami kolejowymi zarówno w ruchu pasażerskim jak i towarowym.</xhtml:div>
<xhtml:div align="justify"> </xhtml:div>
<xhtml:div align="justify">Posłowie nie mają wątpliwości, że poprzez zwiększanie konkurencji w sektorze przewozów kolejowych poprawi się jakość świadczonych usług i wzrośnie ich dostępność cenowa. Parlament  proponuje, aby międzynarodowe przewozy pasażerskie zostały otwarte na konkurencję od 1 stycznia 2008 roku a przewozy pasażerskie krajowe od 1 stycznia 2012 roku. Komisja Europejska proponowała rok 2010 dla przewozów międzynarodowych, a w przypadku wewnątrzkrajowych w ogóle nie określiła ostatecznego terminu liberalizacji. </xhtml:div>
<xhtml:div align="justify"> </xhtml:div>
<xhtml:div align="justify">Dobrą wiadomością dla pasażerów było przyjęcie zapisów, w których Parlament przyznaje prawo do rekompensat za opóźnienia pociągów w ruchu pasażerskim. Posłowie proponują następujące rekompensaty dla pasażerów:</xhtml:div>
<xhtml:div align="justify"> </xhtml:div>
<xhtml:div align="justify">- 25% ceny biletu w przypadku opóźnienia o 60 minut lub więcej;</xhtml:div>
<xhtml:div align="justify">- 50% ceny biletu w przypadku opóźnienia o 120 minut lub więcej;</xhtml:div>
<xhtml:div align="justify">- 75% ceny biletu w przypadku opóźnienia o 180 minut lub więcej. </xhtml:div>
<xhtml:div align="justify"> </xhtml:div>
<xhtml:div align="justify">Dodatkowo, posłowie proponują objęcie zakresem rozporządzenia nie tylko przewozów w ruchu międzynarodowym, ale także krajowym.</xhtml:div>
<xhtml:div align="justify"> </xhtml:div>
<xhtml:div align="justify">Zwrot części kosztów podróży powinien nastąpić nie później niż miesiąc od złożenia reklamacji. Posłowie proponują także, aby pasażerowie korzystający z biletów okresowych, których pociągi ulęgają częstym opóźnieniom lub są odwoływane, mogli otrzymać rekompensatę w formie bezpłatnych przejazdów, ulg cenowych lub wydłużenia okresu ważności biletu.</xhtml:div>
<xhtml:div align="justify"> </xhtml:div>
<xhtml:div align="justify">Parlament wprowadził też poprawkę, która gwarantuje prawo do podróżowania osobom niepełnosprawnym. Przedsiębiorstwa przewozowe mają obowiązek zagwarantować swobodny dostęp osobom niepełnosprawnym do pomieszczeń dworca, peronów i pociągów.</xhtml:div>
<xhtml:div align="justify"> </xhtml:div>
<xhtml:div align="justify">Projekt dyrektywy Parlamentu Europejskiego i Rady w sprawie przyznawania świadectw członkom personelu pociągów zajmującym się prowadzeniem lokomotyw i pociągów w sieci kolejowej Wspólnoty wzbudzał najmniej kontrowersji członków Komisji i został przyjęty przeważającą większością głosów. </xhtml:div>
<xhtml:div align="justify"> </xhtml:div>
<xhtml:div align="justify">Dyrektywa wprowadza system certyfikacji personelu pociągów potwierdzający posiadanie umiejętności, a także wiedzy technicznej oraz uprawnień do prowadzenia pociągów. Dyrektywa określa też wymagania w zakresie wiedzy zawodowej, sprawności fizycznej i przydatności psychologicznej maszynistów i personelu pociągów. </xhtml:div>
<xhtml:div align="justify"> </xhtml:div>
<xhtml:div align="justify">Posłowie nie zgodzili się natomiast na karanie przewoźników kolejowych za niepunktualne dostarczenie towarów. Propozycja KE przewidująca umieszczanie takich sankcji w kontraktach na przewozy towarowe została odrzucona przez posłów, którzy obawiają się wzrostu kosztów świadczenia usług w transporcie towarowym oraz pogorszenia konkurencyjności przewozów kolejowych względem  transportu drogowego.</xhtml:div>
<xhtml:div align="justify"> </xhtml:div>
<xhtml:div align="justify">Odrzucając projekt Komisji Europejskiej posłowie tłumaczyli, że rekompensaty nie wpłyną na poprawę jakości obsługi, a istniejące regulacje narodowe w zakresie transportu kolejowego nakładają wystarczające zobowiązania na przewoźników kolejowych, często znacznie bardziej restrykcyjne niż wobec przewoźników drogowych. Zamiast karać przewoźników kolejowych, należy likwidować bariery dostępu do rynku przewozów kolejowych i zwiększać konkurencję w tym sektorze. Potrzebne są też inwestycje w rozwój i modernizację infrastruktury kolejowej.</xhtml:div>
<xhtml:div align="justify"> </xhtml:div>
<xhtml:div align="justify">Rada w składzie obejmującym ministrów ds. transportu Państw Członkowskich rozpatrzy teraz wersję pakietu w brzmieniu zaproponowanym przez Parlament i przygotuje wspólne stanowisko.</xhtml:div>
<xhtml:div align="justify"> </xhtml:div>
<xhtml:div align="justify"><xhtml:strong>Debata w sprawie trzeciego pakietu kolejowego</xhtml:strong></xhtml:div>
<xhtml:div align="justify"> </xhtml:div>
<xhtml:div align="justify">W przeddzień głosowania odbyła się debata nad trzecim pakietem kolejowym. Niektóre zapisy projektowanych dyrektyw, a także poprawki Parlamentu dotyczące przyspieszenia otwarcia rynku przewozów pasażerskich i towarowych, wzbudziły zastrzeżenia posłów z niektórych nowych Państw Członkowskich. Obawiają się oni, że sektory kolejowe w krajach Europy Środkowo Wschodniej nie są przygotowane do stawienia czoła konkurencji zewnętrznej i potrzebny jest czas na ich restrukturyzację. </xhtml:div>
<xhtml:div align="justify"> </xhtml:div>
<xhtml:div align="justify">W debacie aktywnie uczestniczyli polscy deputowani. Bogusław<xhtml:strong> LIBERADZKI </xhtml:strong>(PSE)<xhtml:strong> </xhtml:strong>argumentował, że skoro "koleje nowych państw, są relatywnie słabsze, będące w procesie restrukturyzacji, to nie można dokonywać zmian zbyt gwałtownie, potrzebna jest ewolucja". Polski poseł pytał, czy nowe zapisy nie doprowadzą do sytuacji, "że monopol dużej kolei w jednym z państw Unii będzie zastąpiony lub będzie rozszerzony na monopol tej samej kolei, ale na obszarze kilku państw".</xhtml:div>
<xhtml:div align="justify"> </xhtml:div>
<xhtml:div align="justify">Sylwester<xhtml:strong> CHRUSZCZ </xhtml:strong>(IND/DEM) deklarował, że nie jest przeciw liberalizacji, ale opowiada się za "równymi prawami, które pozwolą chronić mniejszych przewoźników, a tym samym w przyszłości nie dopuszczą do powstania monopoli i będą stanowić zdrową i uczciwą konkurencję dla potentatów na tym rynku". Poseł uważał, że przyśpieszenie liberalizacji rynku na rok 2008 "jest nie do zaakceptowania przez Parlament, jeśli chcemy realizować politykę Unijną, politykę równych praw i uczciwej konkurencji, dającą nowym Państwom Członkowskim czas na doścignięcie standardów doświadczonych przewoźników z Niemiec, Anglii, czy Francji".</xhtml:div>
<xhtml:div align="justify"> </xhtml:div>
<xhtml:div align="justify">Bogusław<xhtml:strong> SONIK </xhtml:strong>(PPE-DE)<xhtml:strong> </xhtml:strong>mówił, że liberalizacja od 2008 roku oznacza utratę znacznej części rynku przez przewoźników działających obecnie w Polsce czy w innych nowych Krajach Członkowskich. "Kraje te posiadają bowiem niedoinwestowaną infrastrukturę kolejową, brak nowoczesnego transportu kolejowego, niedostateczne dofinansowanie przewozów regionalnych". Dodał, że "skracanie okresów przejściowych przewozów międzynarodowych pogłębi negatywne oddziaływanie nowych regulacji na spółki transportowe nowych członków, gdyż nie przewiduje się obecnie wystarczającego wsparcia przez fundusze europejskie zakupów nowoczesnego taboru do przewozów pasażerskich". Kraje, które wstąpiły do Unii pierwszego maja 2004 nie są - zdaniem posła - w stanie sfinansować tak znacznych wydatków.</xhtml:div>
<xhtml:div align="justify"> </xhtml:div>
<xhtml:div align="justify">"Nie mogę oprzeć się wrażeniu, iż bazuje on <xhtml:em>(trzeci pakiet kolejowy - red.)</xhtml:em> w dużej mierze na doświadczeniach starych Państw Członkowskich, nie biorąc pod uwagę specyfiki nowych krajów" mówiła posłanka Małgorzata<xhtml:strong> HANDZLIK </xhtml:strong>(PPE-DE). </xhtml:div>
<xhtml:div align="justify"> </xhtml:div>
<xhtml:div align="justify">"Odrzuca się nas, małych przedsiębiorców z lokalnych europejskich rynków, my natomiast mamy przygotować gigantyczny wjazd europejskich lokomotyw z tysiącami pasażerów, którzy za bilet będą płacić w euro, a nie w złotówkach" mówił <xhtml:strong>Stanisław JAŁOWIECKI </xhtml:strong>(PPE-DE). Odnosząc się do stanu technicznego polskich kolei powiedział, że "liberalizacja przewozów postawi nas z góry na przegranej pozycji. (...) Solidarności lub przynajmniej zwykłej symetrii nie ma tu prawie wcale". </xhtml:div>

</xhtml:div></Content><References><Reference><ReferenceDate>2005-09-26</ReferenceDate><Person><ns1:Name>Georg Jarzembowski</ns1:Name><ns1:PoliticalParty>EPP-ED</ns1:PoliticalParty><ns1:Nationality>DE</ns1:Nationality></Person><Person><ns1:Name>Gilles Savary</ns1:Name><ns1:PoliticalParty>PSE</ns1:PoliticalParty><ns1:Nationality>FR</ns1:Nationality></Person><Person><ns1:Name>Dirk Sterckx</ns1:Name><ns1:PoliticalParty>ALDE</ns1:PoliticalParty><ns1:Nationality>BE</ns1:Nationality></Person><Person><ns1:Name>Roberts Zīle</ns1:Name><ns1:PoliticalParty>UEN</ns1:PoliticalParty><ns1:Nationality>LV</ns1:Nationality></Person><ReferenceComment><xhtml:div>


<xhtml:div>
<xhtml:div>
<xhtml:div>
<xhtml:div/>
</xhtml:div>
</xhtml:div>
</xhtml:div>

</xhtml:div></ReferenceComment></Reference></References><REF text-before="reference_abbr"><ns1:ID>20050921IPR00565</ns1:ID></REF></Infopress>
</imp:doc>
<imp:links imp:orderNum="0">
<LINK>
<LANGUAGE>PL</LANGUAGE>
<RANK>1</RANK>
<ORIGIN>PHOTO</ORIGIN>
<URL>20050926PHT00704.jpg</URL>
</LINK>
</imp:links>
<imp:assoc imp:orderNum="0">
<ASSOCIATION NAME="DTD">-//EP//DTD IM-PRESS 20050901 IPR DOC XML V0//EN</ASSOCIATION>
<ASSOCIATION NAME="XSL">-//EP//STYLESHEET IM-PRESS 20050901 IPR DOC XML V0//EN</ASSOCIATION>
</imp:assoc>
</imp:content>