<imp:content xmlns:imp="http://APIE.imp">

<imp:doc imp:orderNum="0">
<Infopress language="PL" xmlns:ns1="SipadeType" xmlns:xhtml="http://www.w3.org/1999/xhtml"><Title>Szanse i wyzwania dla polityki miejskiej w rozszerzonej Unii</Title><Topic>Polityka regionalna</Topic><PublicationDate>2005-10-13 - 15:03</PublicationDate><Chapo>

Po rozszerzeniu Unii Europejskiej należy wzmacniać rozwój polityki miejskiej na poziomie nowych Państw Członkowskich i ich regionów,  uznał Parlament przyjmując sprawozdanie w sprawie wymiaru miejskiego w kontekście rozszerzenia UE. 

</Chapo><Content><xhtml:div>

<xhtml:div align="justify"> </xhtml:div>
<xhtml:div align="justify">Polityka miejska powinna przewidywać rozwój gospodarki mieszkaniowej i rewitalizację obszarów miejskich, rozwój infrastruktury, transportu, turystyki, ochronę środowiska naturalnego, unieszkodliwianie odpadów, dostawy wody, rozwój kultury, kształcenia i edukacji, opieki społecznej i zdrowia.</xhtml:div>
<xhtml:div align="justify"> </xhtml:div>
<xhtml:div align="justify">Posłowie wzywają w sprawozdaniu posła Jean-Marie <xhtml:strong>Beaupuy</xhtml:strong> (ALDE, FR), aby rządy krajowe Państw Członkowskich pogłębiały i formalizowały dialog z miastami i ich stowarzyszeniami w kształtowaniu polityki miejskiej. Posłowie chcieliby większego angażowania społeczeństwa w sporządzanie planów rewitalizacji i rozwoju obszarów miejskich, gdyż wiele problemów wynika ich zdaniem z niewystarczającego dialogu między społeczeństwem a jego politycznymi przedstawicielami.</xhtml:div>
<xhtml:div align="justify"> </xhtml:div>
<xhtml:div align="justify">Parlament wskazuje na znaczne rozbieżności w dziedzinie polityki miejskiej między 25 Państwami Członkowskimi, wynikające zwłaszcza z rozszerzenia o 10 nowych Państw Członkowskich, które często nie prowadzą jasnej i wszechstronnej polityki miejskiej na poziomie krajowym lub regionalnym. </xhtml:div>
<xhtml:div align="justify"> </xhtml:div>
<xhtml:div align="justify">Posłowie podkreślają, że miasta i aglomeracje oraz obszary miejskie skupiają 78% ogółu ludności Unii Europejskiej i stanowią miejsce, w którym koncentrują się takie problemy jak wykluczenie społeczne, segregacja przestrzenna i etniczna, niedostatek mieszkań, brak bezpieczeństwa, narkotyki, zanieczyszczenie, skażenie terenów poprzemysłowych, nielegalny handel, bezrobocie, brak konkurencyjności, ubóstwo, zmiany demograficzne. Jednocześnie obszary zurbanizowane to miejsca gdzie tworzy się przyszłość - uniwersytety, ośrodki badawcze. Parlament dostrzega konieczność harmonijnego <xhtml:span>rozwoju miejskiego z rozwojem obszarów podmiejskich i otaczających je obszarów wiejskich.</xhtml:span></xhtml:div>

</xhtml:div></Content><REF text-before="reference_abbr"><ns1:ID>20051010IPR01205</ns1:ID></REF></Infopress>
</imp:doc>
<imp:links imp:orderNum="0">
</imp:links>
<imp:assoc imp:orderNum="0">
<ASSOCIATION NAME="DTD">-//EP//DTD IM-PRESS 20050901 IPR DOC XML V0//EN</ASSOCIATION>
<ASSOCIATION NAME="XSL">-//EP//STYLESHEET IM-PRESS 20050901 IPR DOC XML V0//EN</ASSOCIATION>
</imp:assoc>
</imp:content>