<imp:content xmlns:imp="http://APIE.imp">

<imp:doc imp:orderNum="0">
<Infopress language="PL" xmlns:ns1="SipadeType" xmlns:xhtml="http://www.w3.org/1999/xhtml"><Title>Otwarcie sesji i porządek obrad</Title><Topic>Instytucje</Topic><PublicationDate>2005-10-24 - 19:28</PublicationDate><Photography href="20051021PHT01762" title="Sesja plenarna w Strasburgu" alt="Sesja plenarna w Strasburgu" ext="jpg" width="539" height="359">Sesja plenarna w Strasburgu</Photography><Chapo>

W przeddzień szczytu UE w Hampton Court, na sesji plenarnej Parlamentu Europejskiego, przewidziane jest wystąpienie Premiera Wielkiej Brytanii - Tony Blaira. Na prośbę posłów Komisarz ds. rynku wewnętrznego Charlie McCreevy ustosunkuje się do swoich wcześniejszych uwag na temat kompatybilności szwedzkiego modelu socjalnego z regułami jednolitego rynku. Pozostałe tematy tego posiedzenia to zagrożenie ptasią grypą, przestępczość zorganizowana, imigracja zarobkowa i budżet UE na 2006 rok. 

</Chapo><Content><xhtml:div>

<xhtml:div align="justify"> </xhtml:div>
<xhtml:div align="justify"><xhtml:strong>Otwarcie sesji</xhtml:strong></xhtml:div>
<xhtml:div align="justify"> </xhtml:div>
<xhtml:div align="justify">Organizacja Narodów Zjednoczonych obchodzi 60. rocznicę swojego istnienia. Otwierając sesję Parlamentu Europejskiego w Strasburgu Przewodniczący Josep <xhtml:strong>Borrell</xhtml:strong> przypomniał o tej rocznicy odnosząc się do dzisiejszego komunikatu Sekretarza Generalnego ONZ Kofi <xhtml:strong>Annana</xhtml:strong>.<xhtml:em> "Dobra to okazja do tego, by zastanowić się, czego nauczyliśmy się przez te 60 lat" </xhtml:em>powiedział przewodniczący Borrell. Zgodził się ze słowami Kofi Annana, że ONZ musi nadążać za zmianami, jakie zaszły na świecie od 1945 roku. <xhtml:em>"Szczyt Narodów Zjednoczonych we wrześniu przyniósł zarys reform, jakim musi poddać się ONZ i nawet, jeśli nie spełniają one wszystkich naszych oczekiwań, powinny zostać wdrożone jak najszybciej"</xhtml:em> mówił przewodniczący Parlamentu Europejskiego. Przypomniał Rezolucję Parlamentu Europejskiego w sprawie rezultatów Światowego Szczytu Narodów Zjednoczonych, w której Parlament wyraża zdecydowane poparcie dla utworzenia Rady Praw Człowieka oraz Komisji Budowania Pokoju, która będzie pomagać krajom po zakończeniu działań wojennych w przechodzeniu do etapu zaprowadzania pokoju.</xhtml:div>
<xhtml:div align="justify"><xhtml:em/> </xhtml:div>
<xhtml:div align="justify"><xhtml:strong>W nadchodzącym tygodniu</xhtml:strong></xhtml:div>
<xhtml:div align="justify"> </xhtml:div>
<xhtml:div align="justify">W środę, w przeddzień nieformalnego szczytu szefów państw i rządów Unii Europejskiej w Hampton Court, przewidziane są oświadczenia Rady i Komisji oraz debata z udziałem Premiera Wielkiej Brytanii Tony <xhtml:strong>Blaira </xhtml:strong>oraz Przewodniczącego Komisji Europejskiej <xhtml:span>José</xhtml:span> Manuela <xhtml:strong>Barroso</xhtml:strong>.</xhtml:div>
<xhtml:div align="justify"> </xhtml:div>
<xhtml:div align="justify">We wtorek na pytania posłów odpowiadać będą Przewodniczący Komisji Europejskiej <xhtml:span>José</xhtml:span> Manuel Barroso i Komisarz odpowiedzialny za sprawy rynku wewnętrznego i usług Charlie <xhtml:strong>McCreevy</xhtml:strong>. Posłowie będą chcieli usłyszeć komentarz do uwag, jakie miał rzekomo wygłosić McCreevy na temat sporu łotewskiej firmy budowlanej ze szwedzkimi związkami zawodowymi.</xhtml:div>
<xhtml:div align="justify"> </xhtml:div>
<xhtml:div align="justify">Także we wtorek Komisja Europejska przyjmie roczne sprawozdanie z postępów przygotowań Bułgarii i Rumunii do akcesji. Raport z oceną wdrażania unijnego <xhtml:em>acquis </xhtml:em>przez oba kraje przedstawi posłom Komisarz do spraw rozszerzenia Olli <xhtml:strong>Rehn</xhtml:strong>.</xhtml:div>
<xhtml:div align="justify"> </xhtml:div>
<xhtml:div align="justify">Tego samego dnia na forum Parlamentu Europejskiego wystąpi Prezydent Republiki Chile - Ricardo <xhtml:strong>Lagos</xhtml:strong>. Obecny Prezydent Chile sprawuje władzę od stycznia 2000r., kiedy wygrał drugą turę wyborów obiecując redukcję bezrobocia i wzrost gospodarczy. Jego rząd podjął próby naprawy gospodarki i zmniejszenia biedy, niemniej stopa bezrobocia nadal jest wysoka. </xhtml:div>
<xhtml:div align="justify"> </xhtml:div>
<xhtml:div align="justify">W środę, 26 października, poznamy także laureata nagrody im. Andrieja Sacharowa na rzecz wolności myśli. Jest ona przyznawana przez Parlament Europejski tym, którzy - tak jak patron nagrody - bronią praw człowieka i podstawowych wolności. Nagroda w wysokości 50,000 € jest przyznawana każdego roku osobie lub grupie osób za „szczególne osiągnięcia” w dziedzinie praw człowieka, ochrony mniejszości, międzynarodowej współpracy lub rozwoju demokracji oraz praworządności.</xhtml:div>
<xhtml:div align="justify"> </xhtml:div>
<xhtml:div align="justify">Z Komisji Kultury i Edukacji trafi pod obrady całej Izby pakiet czterech raportów, w których Parlament wnioskuje o zwiększenie finansowania edukacji i programów wymiany kulturalnej na lata 2007-2013. </xhtml:div>
<xhtml:div align="justify"> </xhtml:div>
<xhtml:div align="justify">Odbędzie się także debata nad budżetem na rok 2006. Parlament Europejski będzie starał się przywrócić większość swoich propozycji budżetowych, okrojonych przez Radę w lipcu. Parlament chce przywrócenia poprzednich poziomów finansowania na badania naukowe, szkolnictwo i programy dla młodzieży, a także stosunki zewnętrzne UE. W relacji z budżetem pozostaje także sprawozdanie w sprawie rozporządzenia dotyczącego finansowania rozbudowy Transeuropejskich Sieci Transportowych i Elektroenergetycznych (TENs), w którym posłowie z Komisji Budżetowej opowiadają się za zwiększeniem limitu dofinansowania projektów inwestycyjnych realizowanych w ramach tego programu. </xhtml:div>
<xhtml:div align="justify"> </xhtml:div>
<xhtml:div align="justify">Do porządku obrad włączono też sprawozdanie posłanki Ewy <xhtml:strong>Klamt </xhtml:strong>(EPP-ED) na temat zarządzania migracją ekonomiczną. Posłowie uważają, że imigrantom należy przyznać prawa podobne do tych, które przysługują obywatelom UE i przedstawiają pomysł na strategię UE wobec zjawiska migracji ekonomicznej. Posłowie Komisji Wolności Obywatelskich uznają bowiem, że migracja może mieć korzystny wpływ na gospodarkę i rynek pracy krajów członkowskich Unii Europejskiej.</xhtml:div>
<xhtml:div align="justify"> </xhtml:div>
<xhtml:div align="justify">W poniedziałek planowana jest debata nad sprawozdaniem posła Johannesa <xhtml:strong>Bloklanda</xhtml:strong> (IND/DEM, NL) w sprawie przemieszczania odpadów. Ma ono zastąpić wcześniejsze rozporządzenie z 1993 roku, które nie okazało się tak skuteczne jak oczekiwano. W obszarze środowiska pojawią się jeszcze dwa sprawozdania posłanki Avril <xhtml:strong>Doyle</xhtml:strong> (EPP-ED, IE) przewidujące m.in.. ograniczenie stosowania niektórych gazów cieplarnianych. </xhtml:div>
<xhtml:div align="justify"> </xhtml:div>
<xhtml:div align="justify">Równie ważnym tematem jak ochrona środowiska będzie z pewnością bezpieczeństwo żywności. Parlament zajmie się sprawozdaniem posła Mojca Drčar <xhtml:strong>Murko</xhtml:strong> (ALDE, SL) w sprawie stosowania dodatków do żywności. Lista dozwolonych substancji, które mogą być dodawane do żywności została przygotowana w oparciu o ekspertyzy Europejskiej Agencji Bezpieczeństwa Żywności. </xhtml:div>
<xhtml:div> </xhtml:div>
<xhtml:div><xhtml:strong>Zmiany w porządku obrad</xhtml:strong></xhtml:div>
<xhtml:div> </xhtml:div>
<xhtml:div align="justify">- Dwa sprawozdania Avril <xhtml:strong>Doyle</xhtml:strong> - Fluorowane gazy cieplarniane (A6-0301/2005) oraz Emisje pochodzące z systemów klimatyzacji pojazdów silnikowych (A6-0294/2005) zostaną poddane pod głosowanie w środę, a nie we wtorek.</xhtml:div>
<xhtml:div align="justify">- Głosownie nad sprawozdaniem Karla-Heinza <xhtml:strong>Florenza</xhtml:strong> (A6-0296/2005) - Emisje hałasu do środowiska przez urządzenia używane na zewnątrz pomieszczeń odbędzie się w środę, 26 października.</xhtml:div>

</xhtml:div></Content><REF text-before="reference_abbr"><ns1:ID>20051019IPR01650</ns1:ID></REF></Infopress>
</imp:doc>
<imp:links imp:orderNum="0">
<LINK>
<LANGUAGE>PL</LANGUAGE>
<RANK>1</RANK>
<ORIGIN>PHOTO</ORIGIN>
<URL>20051021PHT01762.jpg</URL>
</LINK>
</imp:links>
<imp:assoc imp:orderNum="0">
<ASSOCIATION NAME="DTD">-//EP//DTD IM-PRESS 20050901 IPR DOC XML V0//EN</ASSOCIATION>
<ASSOCIATION NAME="XSL">-//EP//STYLESHEET IM-PRESS 20050901 IPR DOC XML V0//EN</ASSOCIATION>
</imp:assoc>
</imp:content>