<imp:content xmlns:imp="http://APIE.imp">

<imp:doc imp:orderNum="0">
<Infopress language="PL" xmlns:ns1="SipadeType" xmlns:xhtml="http://www.w3.org/1999/xhtml"><Title>Wzrosną wydatki na programy wymiany studenckiej i kulturalnej na lata 2007-2013</Title><Topic>Edukacja</Topic><PublicationDate>2005-10-25 - 19:01</PublicationDate><Photography href="20051025PHT01786" title="Parlament chce podwoić wysokość stypendiów dla uczestników programu wymiany studenckiej ERASMUS" alt="Parlament chce podwoić wysokość stypendiów dla uczestników programu wymiany studenckiej ERASMUS" ext="jpg" width="691" height="505">Edukacja</Photography><Chapo>

Parlament Europejski proponuje podwojenie do roku 2013 wysokości stypendium dla uczestników programu wymiany studenckiej Erasmus. Obecnie studenci dostają 150 € miesięcznie - kwotę uznaną przez sprawozdawcę, posłankę Doris Pack (EPP-ED, DE), za niewystarczającą zwłaszcza, że niezmienioną od 1993 roku. Erasmus to najważniejszy program edukacyjny UE, w którym uczestniczyło do tej pory ponad milion studentów. Szacuje się, że do roku 2013 liczba uczestników ulegnie podwojeniu.

</Chapo><Content><xhtml:div>

<xhtml:div>Posłowie głosowali pakiet czterech sprawozdań, w których Parlament Europejski wnioskuje o zwiększenie finansowania edukacji i programów wymiany kulturalnej na lata 2007-2013.</xhtml:div>
<xhtml:div align="left"> </xhtml:div>
<xhtml:div align="left">Stosunkiem głosów 549 za, 47 przeciwnych i 23 wstrzymujących się, Parlament przyjął sprawozdanie w sprawie projektu decyzji Parlamentu Europejskiego i Rady ustanawiającej Zintegrowany Program działań w zakresie kształcenia ustawicznego.</xhtml:div>
<xhtml:div align="left"> </xhtml:div>
<xhtml:div align="left">W celu zwiększenia wymiany studenckiej słuchaczy szkół wyższych i uczniów szkół średnich, a także nauczycieli, posłowie zaproponowali dodatkowe € 757 mln ponad 13,62 mld € zaproponowane przez KE w perspektywie wieloletniej. Pierwotnie Komisja Edukacji i Kultury wnioskowała o dodatkowe 980 mln €.</xhtml:div>
<xhtml:div align="left"> </xhtml:div>
<xhtml:div align="left">W programie Erasmus, który promuje wymianę studencką, posłowie proponują zwiększenie miesięcznej kwoty stypendium z € 210 w roku 2007 do € 300 w 2013. Obecna kwota stypendium nie zmieniła się od 1993 roku i pozostaje na poziomie € 150  mimo, że znacznie wzrosły w tym czasie koszty utrzymania stypendystów studiujących za granicą.</xhtml:div>
<xhtml:div align="left"> </xhtml:div>
<xhtml:div align="left">Posłowie proponują natomiast nieznacznie zmniejszenie finansowania programu Leonardo da Vinci, który przeznaczony jest na kształcenie zawodowe. Posłowie uznali, że cele nakreślone przez KE zapewnienia 150 000 miejsc na praktyki zawodowe w przedsiębiorstwach do roku 2013 są "zbyt ambitne" zwłaszcza, że miesięczne koszty przypadające na jednego beneficjenta w programie Leonardo to kwota € 3 644  podczas gdy w programie Erasmus tylko € 1 775.</xhtml:div>
<xhtml:div align="left"> </xhtml:div>
<xhtml:div align="left">Posłowie głosowali za zwiększeniem partycypacji uczniów i nauczycieli w programie Comenius, skierowanym do szkół średnich oraz wnoszą o stworzenie nowego sub-programu Comenius-regio na promocję transgranicznej wymiany nauczycieli, szczególnie między sąsiadującymi regionami.</xhtml:div>
<xhtml:div align="left"> </xhtml:div>
<xhtml:div align="left">Pozostałe propozycje posłów zmierzają do uproszczenia procedury udzielania stypendiów, finansowania nauki języków używanych przez mieszkańców w zamieszkałych przez nich regionach, zwiększenia środków dla niepełnosprawnych studentów oraz wsparcia nauki języka migowego i alfabetu Braille'a.</xhtml:div>
<xhtml:div align="left"> </xhtml:div>
<xhtml:div align="left">Stosunkiem głosów 547 za, 76 przeciw i 12 wstrzymujących się, Parlament przyjął sprawozdanie posłanki Lissy <xhtml:strong>Gröner</xhtml:strong> (PSE, DE) w sprawie programu „Młodzież w Działaniu”, który ma finansować inicjatywy edukacyjne odnoszące się do tematyki lokalnej, państwowej i europejskiej, wspierające zaangażowanie społeczne i polityczne młodzieży. Zdaniem posłów wsparcie seminariów młodzieżowych ma stanowić zachętę do dyskusji o Europie jako wspólnocie politycznej, państwowej i kulturowej. Zgodnie ze swoim stanowiskiem w sprawie unijnego budżetu na lata 2007-2013 posłowie zwiększyli budżet tego programu z € 915 mln proponowanych przez KE do € 1,128 mld.</xhtml:div>
<xhtml:div align="left"> </xhtml:div>
<xhtml:div align="left">Także program Kultura 2007 zasługuje, zdaniem posłów, na zwiększone finansowanie. Parlament przyjął 553 głosami za, 51 przeciw i 29 wstrzymującymi się, sprawozdanie posła sprawozdawcy Vasco Graça <xhtml:strong>Moura</xhtml:strong> (EPP-ED, PT). Posłowie zaproponowali wzrost wydatków na ten program z € 236,5 mln w latach 2000-2006 do € 600 mln na lata 2007-2013. Propozycja KE przewidywała € 408 mln, z czego 8% miałyby pochłonąć wydatki administracyjne. Posłowie chcą ich zmniejszenia do 6%. Posłowie proponują zmianę nazwy programu na "Kultura".</xhtml:div>
<xhtml:div align="left"> </xhtml:div>
<xhtml:div align="left">Parlament przyjął też sprawozdanie posłanki Ruth <xhtml:strong>Hieronymi </xhtml:strong>(EPP-ED, DE) w sprawie programu Media 2007. Jego cele to między innymi ochrona oraz propagowanie różnorodności językowej i kulturowej europejskiego przemysłu filmowego oraz audiowizualnego dziedzictwa europejskiego. Program ma na celu zapewnienie obywatelom Europy dostępu do europejskiego dziedzictwa filmowego, a także promowanie dialogu pomiędzy kulturami.</xhtml:div>
<xhtml:div align="left"> </xhtml:div>
<xhtml:div align="left">Posłowie wierzą, że program ten ma szanse wzmocnić konkurencyjność europejskiego sektora audiowizualnego i europejskich utworów audiowizualnych na rynku europejskim oraz rynkach międzynarodowych. Program ma na celu także śledzenie i wspieranie zmian zachodzących na rynku w zakresie cyfryzacji, w tym promocji atrakcyjnych katalogów filmów europejskich na telewizyjnych platformach cyfrowych.</xhtml:div>

</xhtml:div></Content><REF text-before="reference_abbr"><ns1:ID>20051025IPR01878</ns1:ID></REF></Infopress>
</imp:doc>
<imp:links imp:orderNum="0">
<LINK>
<LANGUAGE>PL</LANGUAGE>
<RANK>1</RANK>
<ORIGIN>PHOTO</ORIGIN>
<URL>20051025PHT01786.jpg</URL>
</LINK>
</imp:links>
<imp:assoc imp:orderNum="0">
<ASSOCIATION NAME="DTD">-//EP//DTD IM-PRESS 20050901 IPR DOC XML V0//EN</ASSOCIATION>
<ASSOCIATION NAME="XSL">-//EP//STYLESHEET IM-PRESS 20050901 IPR DOC XML V0//EN</ASSOCIATION>
</imp:assoc>
</imp:content>