<imp:content xmlns:imp="http://APIE.imp">

<imp:doc imp:orderNum="0">
<Infopress language="PL" xmlns:ns1="SipadeType" xmlns:xhtml="http://www.w3.org/1999/xhtml"><Title>Minimalne wymagania w zakresie przyznawania statusu uchodźcy w UE</Title><Topic>Wymiar sprawiedliwości i sprawy wewnętrzne</Topic><PublicationDate>2005-09-27 - 16:28</PublicationDate><Chapo>

Parlament Europejski opowiedział się dziś za ustanowieniem minimalnych wymagań dotyczących procedur przyznania i cofnięcia statusu uchodźcy w Państwach Członkowskich UE. Posłowie przyjęli ponad sto poprawek do projektu dyrektywy gwarantujących lepszą ochronę praw uchodźców. Sprawozdanie uzyskało niewielką większość głosów (305 za, 302 przeciw, przy 33 wstrzymujących się) z powodu różnicy zdań odnośnie niektórych zapisów.

</Chapo><Content><xhtml:div>

<xhtml:div align="justify"> </xhtml:div>
<xhtml:div align="justify">Duże wątpliwości posłów budziła propozycja opracowania przez Państwa Członkowskie listy bardzo bezpiecznych państw pochodzenia, na podstawie której mogłyby odmawiać przyznania statusu uchodźcy osobom pochodzącym z tych państw bez indywidualnego badania wniosku o udzielenie azylu. Posłowie uznali ten zapis za niezgodny z Konwencją Genewską, która zabrania wydalania uchodźców i nakazuje indywidualne rozpatrzenie każdego przypadku.</xhtml:div>
<xhtml:div align="justify"> </xhtml:div>
<xhtml:div align="justify">Podobnie, posłowie sprzeciwiają się propozycji tworzenia listy bezpiecznych krajów pochodzenia, do których mogliby być odsyłani uchodźcy, jeśli kraj ten wyraziłby gotowość ich przyjęcia. Posłowie wprowadzili w tym zapisie zmiany, które umożliwiają, by w takich przypadkach osoby ubiegające się o status uchodźcy miały prawo do obalenia domniemania bezpieczeństwa. Władze kraju, do których wpłynął wniosek o udzielenie azylu musiałyby wtedy rozpatrzyć go indywidualnie.</xhtml:div>
<xhtml:div align="justify"> </xhtml:div>
<xhtml:div align="justify">Posłowie uważają, że powinna istnieć tylko jedna, wspólna dla całej Unii lista bezpiecznych państw pochodzenia, która mogłaby być w razie konieczności modyfikowana przez Parlament i Radę.</xhtml:div>
<xhtml:div align="justify"> </xhtml:div>
<xhtml:div align="justify">Projekt dyrektywy rozróżnia ponadto "bezpieczne kraje pochodzenia" i "bezpieczne kraje trzecie", a więc takie, które nie są państwem pochodzenia wnioskodawcy, ale - na przykład - państwem, z którego terytorium wnioskuje on do innego kraju o udzielenie azylu.</xhtml:div>
<xhtml:div align="justify"> </xhtml:div>
<xhtml:div align="justify">Parlament wprowadził także zastrzeżenie, że Państwa Członkowskie z zasady nie powinny zatrzymywać osób ubiegających się o azyl ani umieszczać ich w zamkniętym ośrodku tymczasowym. Zanim podejmie się decyzję o pozbawieniu wolności, należy najpierw rozpatrzyć alternatywne środki do aresztowania lub zastosowanie nadzoru. Poprawki przewidują ponadto, że żadna osoba starająca się o azyl nie może zostać zatrzymana, o ile nie zostało stwierdzone, że zatrzymanie jest konieczne, zgodne z prawem i uzasadnione na podstawie przyczyny uznawanej za legalną przez normy międzynarodowe. Osoby ubiegające się o azyl mogą być zatrzymywane jedynie w obiektach wyraźnie oddzielonych od więzień.</xhtml:div>
<xhtml:div align="justify"> </xhtml:div>
<xhtml:div align="justify">Posłowie chcą też poszanowania praw potencjalnego uchodźcy w trakcie całej procedury rozpatrywania wniosku o udzielenie azylu. Należy wnioskodawcy zapewnić prawo do odwołania od decyzji odmownej i prawo do pozostawania na terenie Państwa Członkowskiego do czasu zakończenia postępowania odwoławczego.</xhtml:div>
<xhtml:div align="justify"> </xhtml:div>
<xhtml:div align="justify">Wnioskodawcy mają prawo do reprezentacji prawnej i uzyskania informacji o procedurze administracyjnej w języku, którym się posługują.</xhtml:div>
<xhtml:div align="justify"> </xhtml:div>
<xhtml:div align="justify">Projekt dyrektywy jest rozpatrywany w ramach procedury konsultacji, co oznacza, że poprawki wniesione przez posłów nie mają dla Rady mocy wiążącej. Jeśli jednak dyrektywa zostanie przyjęta, Parlament Europejski uzyska prawo współdecydowania z Radą w sprawach dotyczących uchodźców i polityki imigracyjnej.</xhtml:div>

</xhtml:div></Content><Note>

Wolfgang KREISSL-DÖRFLER (PSE, DE)

</Note><REF text-before="reference_abbr"><ns1:ID>20050922IPR00572</ns1:ID></REF></Infopress>
</imp:doc>
<imp:links imp:orderNum="0">
</imp:links>
<imp:assoc imp:orderNum="0">
<ASSOCIATION NAME="DTD">-//EP//DTD IM-PRESS 20050901 IPR DOC XML V0//EN</ASSOCIATION>
<ASSOCIATION NAME="XSL">-//EP//STYLESHEET IM-PRESS 20050901 IPR DOC XML V0//EN</ASSOCIATION>
</imp:assoc>
</imp:content>