<imp:content xmlns:imp="http://APIE.imp">

<imp:doc imp:orderNum="0">
<Infopress language="PL" xmlns:ns1="SipadeType" xmlns:xhtml="http://www.w3.org/1999/xhtml"><Title>Trzy kandydatury do Nagrody im. Sacharowa</Title><Topic>Prawa człowieka</Topic><PublicationDate>2005-09-27 - 09:48</PublicationDate><Chapo>

Posłowie z Komisji Spraw Zagranicznych Parlamentu Europejskiego zaproponowali trzy kandydatury do tegorocznej Nagrody im. Sacharowa na rzecz wolności myśli. Na liście znalazły się (w kolejności alfabetycznej): Hauwa Ibrahim, "Kobiety w bieli" i Reporterzy bez granic.

</Chapo><Content><xhtml:div>

<xhtml:div align="justify"> </xhtml:div>
<xhtml:div align="justify"><xhtml:strong>Hauwa Ibrahim</xhtml:strong> to pierwsza kobieta prawnik z północnej Nigerii, broniąca kobiet oskarżonych o cudzołóstwo i młodych ludzi skazanych na okrutne i nieludzkie kary na podstawie prawa szarłatu.</xhtml:div>
<xhtml:div align="justify"> </xhtml:div>
<xhtml:div align="justify"><xhtml:strong>"Kobiety w bieli"</xhtml:strong> to grupa kobiet stojących w obronie praw kubańskich więźniów politycznych, które protestują pokojowo ubrane na biało jako symbol pokoju i niewinności ich mężów.</xhtml:div>
<xhtml:div align="justify"> </xhtml:div>
<xhtml:div align="justify"><xhtml:strong>Reporterzy bez granic</xhtml:strong> to organizacja działająca w obronie wolności prasy na świecie.</xhtml:div>
<xhtml:div align="justify"> </xhtml:div>
<xhtml:div align="justify">Przewodniczący grup politycznych wybiorą laureata nagrody na spotkaniu Konferencji Przewodniczących 27 października br. Nagroda zostanie wręczona podczas uroczystej ceremonii na grudniowym posiedzeniu plenarnym PE.</xhtml:div>
<xhtml:div align="justify"> </xhtml:div>
<xhtml:div align="justify">Nagroda im. Sacharowa ustanowiona w 1988 r. jest przyznawana corocznie przez Parlament Europejski osobom o wyjątkowych dokonaniach w walce z nietolerancja, fanatyzmem i prześladowaniem. Stanowi ona wyróżnienie dla osób lub organizacji aktywnych na polu obrony praw człowieka i wolności podstawowych. Podobnie jak Andriej Sacharow, laureaci nagrody dają świadectwo odwagi w obronie praw człowieka i wolności słowa.</xhtml:div>
<xhtml:div align="justify"> </xhtml:div>
<xhtml:div align="justify">Parlament Europejski przyznaje nagrodę za obronę praw człowieka w wysokości 50 tys. euro podczas uroczystego posiedzenia w Strasburgu w grudniu, w rocznicę podpisania Powszechnej Deklaracji Praw Człowieka Organizacji Narodów Zjednoczonych w 1948 r.</xhtml:div>
<xhtml:div align="justify"> </xhtml:div>
<xhtml:div align="justify"> </xhtml:div>
<xhtml:div align="justify">Lista laureatów Nagrody im. Sacharowa na rzecz wolności myśli:</xhtml:div>
<xhtml:div align="justify"> </xhtml:div>
<xhtml:div align="justify">1988 Nelson Rolihlahla Mandela i Anatolij Marczenko (posmiertnie)</xhtml:div>
<xhtml:div align="justify">1989 Aleksander Dubcek</xhtml:div>
<xhtml:div align="justify">1990 Aung San Suu Kyi</xhtml:div>
<xhtml:div align="justify">1991 Adem Demaçi</xhtml:div>
<xhtml:div align="justify">1992 Las Madres de la Plaza de Mayo</xhtml:div>
<xhtml:div align="justify">1993 Oslobodjenje</xhtml:div>
<xhtml:div align="justify">1994 Taslima Nasreen</xhtml:div>
<xhtml:div align="justify">1995 Líela Zana</xhtml:div>
<xhtml:div align="justify">1996 Wei Jingsheng</xhtml:div>
<xhtml:div align="justify">1997 Salima Ghezali</xhtml:div>
<xhtml:div align="justify">1998 Ibrahim Rugova</xhtml:div>
<xhtml:div align="justify">1999 José Alejandro 'Xanana' Gusmăo</xhtml:div>
<xhtml:div align="justify">2000 Ą Basta Ya !</xhtml:div>
<xhtml:div align="justify">2001 Izzat Ghazzawi, Nurit Peled-Elhanan i Dom Zacarias Kamwenho</xhtml:div>
<xhtml:div align="justify">2002 Oswaldo José Payá Sardińas</xhtml:div>
<xhtml:div align="justify">2003 Sekretarz Generalny ONZ, Kofi Annan, i wszyscy pracownicy ONZ</xhtml:div>
<xhtml:div align="justify">2004 Zanna Litwina, przewodnicząca Białoruskiego Związku Dziennikarzy.</xhtml:div>

</xhtml:div></Content><REF text-before="reference_abbr"><ns1:ID>20050922IPR00612</ns1:ID></REF></Infopress>
</imp:doc>
<imp:links imp:orderNum="0">
</imp:links>
<imp:assoc imp:orderNum="0">
<ASSOCIATION NAME="DTD">-//EP//DTD IM-PRESS 20050901 IPR DOC XML V0//EN</ASSOCIATION>
<ASSOCIATION NAME="XSL">-//EP//STYLESHEET IM-PRESS 20050901 IPR DOC XML V0//EN</ASSOCIATION>
</imp:assoc>
</imp:content>