<imp:content xmlns:imp="http://APIE.imp">

<imp:doc imp:orderNum="0">
<Infopress language="PL" xmlns:ns1="SipadeType" xmlns:xhtml="http://www.w3.org/1999/xhtml"><Title>Parlament zaniepokojony sytuacją na Białorusi</Title><Topic>Stosunki zewnętrzne</Topic><PublicationDate>2005-09-29 - 12:42</PublicationDate><Chapo>

Zaniepokojony pogarszającą się sytuacją na Białorusi, gdzie rażąco łamane są podstawowe prawa człowieka, Parlament Europejski przyjął w czwartek rezolucję, w której zdecydowanie potępia masowe ataki białoruskiego reżimu na media, dziennikarzy, działaczy mniejszości i obrońców praw człowieka, członków opozycji, przywódców religijnych i inne osoby, które próbują otwarcie krytykować prezydenta i reżim białoruski.

</Chapo><Content><xhtml:div>

<xhtml:div> </xhtml:div>
<xhtml:div align="justify">Posłowie potępiają delegalizację kościoła ewangelicko-reformowanego obecnego na Białorusi od ponad 400 lat oraz próbę przejęcia kontroli nad Związkiem Polaków na Białorusi będącym największą pozarządową organizacją, która jako jedna z nielicznych nie podlegała dotychczas kontroli rządu. Działania wobec ZPB Parlament uznał za naruszenie podstawowych zasad Konwencji Ramowej Rady Europy o Ochronie Mniejszości Narodowych z 1995 r. Posłowie ubolewają nad przejęciem przez rząd kontroli nad gazetą „Głos znad Niemna”. Parlament wezwał do udzielenia wsparcia demokratycznie wybranemu zarządowi ZPB i innym organizacjom pozarządowym. </xhtml:div>
<xhtml:div align="justify"> </xhtml:div>
<xhtml:div align="justify">Parlament potępia ciągłe prześladowania działaczy należących do mniejszości polskiej oraz  marginalizację przez białoruski reżim mniejszości romskiej na Białorusi. </xhtml:div>
<xhtml:div align="justify"> </xhtml:div>
<xhtml:div align="justify">Swoje echo znalazła w rezolucji odmowa wydania wiz wjazdowych delegacji posłów Parlamentu Europejskiego, którzy przyjechali w dniu 8 sierpnia 2005 r. z misją badawczą w celu zapoznania się z sytuacją w tym kraju.</xhtml:div>
<xhtml:div align="justify"> </xhtml:div>
<xhtml:div align="justify">Posłowie wzywają Radę i Komisję do utworzenia programu stypendiów, wizyt i lokat na rzecz organizacji pozarządowych oraz działaczy w dziedzinie praw człowieka i mniejszości. </xhtml:div>
<xhtml:div align="justify"> </xhtml:div>
<xhtml:div align="justify">Jeżeli władze białoruskie nie doprowadzą do poprawy sytuacji w zakresie wolności słowa, stowarzyszeń i religii Komisja, Rada i Parlament powinny rozpocząć procedurę w celu wpisania przedstawicieli białoruskich władz zaangażowanych w prześladowania na listę osób objętych zakazem wizowym. Parlament uważa także, że sankcje wobec reżimu Prezydenta Łukaszenki powinny obejmować zamrożenie środków białoruskich władz ulokowanych poza granicami kraju.</xhtml:div>
<xhtml:div align="justify"> </xhtml:div>
<xhtml:div align="justify">Parlament z satysfakcją odnotował fakt uruchomienia przez Komisję dodatkowego wsparcia dla niezależnych mediów na Białorusi i podkreślił znaczenie zapewnienia białoruskiemu społeczeństwu dostępu do niezależnych informacji. Wezwał Radę i Komisję do wykorzystania uprawnień wypływających ze strategii sąsiedztwa w celu wsparcia społeczeństwa obywatelskiego na Białorusi i określenia programu finansowego dotyczącego celów europejskiego programu sąsiedztwa. Wezwał ponadto Radę i Komisję do przyznania tak szybko, jak to możliwe większej pomocy na rzecz wolnych mediów i niezależnych organizacji pozarządowych na Białorusi oraz do poszerzenia inicjatyw w dziedzinie niezależnych mediów. </xhtml:div>
<xhtml:div align="justify"> </xhtml:div>
<xhtml:div align="justify">Posłowie popierają zamiar wysłania na Białoruś specjalnego przedstawiciela dyplomatycznego w celu monitorowania sytuacji w zakresie praw człowieka, a także wzywają Komisję do przyspieszenia otwarcia stałego przedstawicielstwa Unii Europejskiej w Mińsku, aby umożliwić skuteczniejsze rozpowszechnianie informacji, koordynację projektów i nadzór nad sytuacją na Białorusi. Wzywają Radę i Komisję do poruszenia kwestii Białorusi w rozmowach z władzami rosyjskimi celem określenia wspólnej odpowiedzialności za działania prowadzące do konkretnych przemian demokratycznych w tym kraju.</xhtml:div>
<xhtml:div align="justify"> </xhtml:div>
<xhtml:div align="justify">Parlament zaapelował również do wszystkich Państw Członkowskich UE o wprowadzenie bezpłatnych wiz dla obywateli Białorusi.</xhtml:div>
<xhtml:div align="justify"> </xhtml:div>
<xhtml:div align="justify"><xhtml:strong>Debata w Parlamencie Europejskim o sytuacji na Białorusi</xhtml:strong></xhtml:div>
<xhtml:div align="justify"> </xhtml:div>
<xhtml:div align="justify">W dniu poprzedzającym głosowanie nad rezolucją odbyła się debata w sprawie sytuacji politycznej na Białorusi. </xhtml:div>
<xhtml:div align="justify"> </xhtml:div>
<xhtml:div align="justify">Komisarz ds. Rozszerzenia -<xhtml:strong> Olli Rehn</xhtml:strong> powiedział otwierając dyskusję, że Komisja jest głęboko zaniepokojona brakiem demokracji, poszanowania prawa oraz wolności obywatelskich na Białorusi. Powiedział, że w ostatnim okresie sytuacja jeszcze bardziej się pogorszyła, a reżim podejmuje działania wymierzone w organizacje pozarządowe, narusza prawa mniejszości, dokonuje aresztowań z powodów politycznych oraz krępuje swobodę wypowiedzi. Potępił działania mające na celu zastraszenie działaczy Związku Polaków na Białorusi.</xhtml:div>
<xhtml:div align="justify">W odpowiedzi na prześladowania ze strony władz w Mińsku, Komisja Europejska przesunęła 2 mln € z programu TACIS na Program Europejskiej Inicjatywy na rzecz Demokracji i Praw Człowieka, którego rozdysponowanie nie wymaga zgody władz Białorusi. Podpisano również 27 umów z organizacjami pozarządowymi o łącznej wartości 3 mln €, a dodatkowe 420 tysięcy zostanie rozdysponowane w październiku.</xhtml:div>
<xhtml:div align="justify"> </xhtml:div>
<xhtml:div align="justify">Komisja finansuje kwotą 1,7 mln €  trzy projekty dla Białorusi na rozwój niezależnych instytucji edukacyjnych, społeczeństwa obywatelskiego i przestrzegania praw człowieka. W ramach programu TACIS nadal będą finansowane cele ogólne, takie jak opieka zdrowotna i socjalna, szkolnictwo wyższe, kształcenie zawodowe i ochrona środowiska.</xhtml:div>
<xhtml:div align="justify"> </xhtml:div>
<xhtml:div align="justify">Komisja wspiera także projekt uruchomienia od listopada przekazów radiowych zawierających wiadomości i relacje z wydarzeń wewnętrznych na Białorusi. Przekazy rozpoczną się w języku rosyjskim i stopniowo będą wprowadzane audycje w języku białoruskim. </xhtml:div>
<xhtml:div align="justify"> </xhtml:div>
<xhtml:div align="justify">Na początku przyszłego roku Komisja otworzy w Mińsku przedstawicielstwo, którego zadaniem będzie nawiązywanie kontaktów ze społecznością lokalną oraz pomoc we wdrażaniu unijnych projektów i inicjatyw wobec Białorusi.</xhtml:div>
<xhtml:div align="justify"> </xhtml:div>
<xhtml:div align="justify">Komisja monitoruje przypadki naruszania przez Mińsk umów handlowych, praw związków zawodowych oraz utrzymuje zakaz wydawania wiz wjazdowych niektórym wysokim urzędnikom administracji białoruskiej.</xhtml:div>
<xhtml:div align="justify"> </xhtml:div>
<xhtml:div align="justify">Poseł<xhtml:strong> Bogdan Klich, </xhtml:strong>w imieniu grupy PPE-DE uzasadniał potrzebę przyjęcia kolejnej rezolucji PE w sprawie Białorusi. <xhtml:em>"Wydarzenia na Białorusi galopują. Sytuacja polityczna ulega radykalnemu pogorszeniu z miesiąca na miesiąc. Ostatnio mieliśmy do czynienia z rozprawą administracji prezydenta Łukaszenki z władzami demokratycznie wybranymi w Związku Polaków na Białorusi, odbywało się to na oczach cywilizowanego świata. Największa organizacja społeczna na Białorusi była prześladowana a jej władze zostały rozwiązane w sposób brutalny</xhtml:em>" powiedział poseł. Dziękował przedstawicielom opozycji białoruskiej za wsparcie dla Związku Polaków na Białorusi w tym trudnym czasie. <xhtml:em>"W ten sposób widać jak w Europie wytwarza się sieć Solidarności – sieć Solidarności, która wspiera tych, którzy potrzebują ze strony tych, którzy wcześniej często potrzebowali takiej pomocy".</xhtml:em> </xhtml:div>
<xhtml:div align="justify"> </xhtml:div>
<xhtml:div align="justify">Poseł<xhtml:strong> Janusz Onyszkiewicz, </xhtml:strong>w imieniu grupy ALDE<xhtml:strong> </xhtml:strong>powiedział, że <xhtml:em>"Białoruś jest anomalią na kontynencie europejskim. Jest rządzona przez człowieka, który sam o sobie mówi, że jego ojczyzną jest Związek Radziecki"</xhtml:em> i dodał, że byłoby rzeczą bardzo ważną, aby <xhtml:em>"pokazać w sposób bardzo jasny, że my się od Białorusi nie odwracamy plecami, tak jak twierdzi władca tego kraju"</xhtml:em>. Onyszkiewicz podkreślił, że nie chodzi tylko o gesty, lecz o konkretne wsparcie działalności na Białorusi. <xhtml:em>"Jeżeli bowiem tego nie zrobimy, jeżeli nie będziemy pomagać Białorusi, to Białoruś nie tylko będzie czarną plamą na mapie Europy, ale będzie także czarną plamą na naszym sumieniu"</xhtml:em> dodał polski deputowany.</xhtml:div>
<xhtml:div align="justify"> </xhtml:div>
<xhtml:div align="justify">Poseł<xhtml:strong> Konrad Szymański, </xhtml:strong>w imieniu grupy UEN mówił, że <xhtml:em>"musimy się przygotować na długi marsz. Długi to nie znaczy opieszały, długi ale zdecydowany marsz w sprawie Białorusi."</xhtml:em> Powiedział, że kolejna debata o Białorusi to również dowód słabości Parlamentu i Unii Europejskiej w tej sprawie. <xhtml:em>"Nie zdołaliśmy uczynić tej kwestii priorytetem i warunkiem rozwoju dobrych stosunków między Unią Europejską a Rosją"</xhtml:em> ubolewał poseł Szymański i dodawał, że <xhtml:em>"procedury administracyjne, nawet stosunkowo groteskowego reżimu w Mińsku, okazały się bardziej efektywne i skuteczne, niż europejskie, jeśli chodzi o uruchomienie radia. Białoruskie radio już nadaje na terytorium Unii Europejskiej, nasze radio milczy w tej sprawie"</xhtml:em>.</xhtml:div>
<xhtml:div align="justify"> </xhtml:div>
<xhtml:div align="justify">Poseł<xhtml:strong> Józef Pinior (PSE)</xhtml:strong> powiedział, że <xhtml:em>"w</xhtml:em><xhtml:em> działaniach Unii Europejskiej na rzecz praw człowieka i demokracji na Białorusi powiniśmy wykorzystywać najnowsze środki przekazu. Internet dla niezależnej informacji musi odegrać taką rolę, jak radio dla obalenia dyktatur dwudziestowiecznych"</xhtml:em> Apelował o zwiększenie pomocy finansowej na rzecz środków najnowszej komunikacji w internecie oraz w telefonii komórkowej, które mogłyby służyć białoruskiemu społeczeństwu obywatelskiemu.</xhtml:div>
<xhtml:div align="justify"> </xhtml:div>
<xhtml:div align="justify"><xhtml:em>"Kluczem do rzeczywistego rozwiązania większości problemów na Białorusi tak naprawdę nie jest Łukaszenka, lecz jego rosyjski mocodawca, były oficer KGB – Władimir Putin"</xhtml:em> mówił poseł <xhtml:strong> Mirosław Mariusz Piotrowski (IND/DEM) </xhtml:strong>i dodał, że<xhtml:strong> <xhtml:em>"</xhtml:em></xhtml:strong><xhtml:em>obaj, Putin i Łukaszenka stosują metody służb specjalnych minionego reżimu komunistycznego. Parlament Europejski musi to wziąć pod uwagę". </xhtml:em></xhtml:div>
<xhtml:div align="justify"> </xhtml:div>
<xhtml:div align="justify"><xhtml:strong>Barbara Kudrycka (PPE-DE)</xhtml:strong> mówiła, że partie opozycyjne, organizacje pozarządowe, mniejszości narodowe i religijne na Białorusi z dużą niecierpliwością oczekują na efekty działania Komisji Europejskiej i Rady, ale jak dotychczas efekty te nie są widoczne. <xhtml:em>"Biuro Komisji Europejskiej w Mińsku nie zostało jeszcze otwarte, gdy tymczasem misja rządu białoruskiego przy Unii Europejskiej aktywnie działa w Brukseli. Osoby stosujące represje wobec organizacji pozarządowych, mniejszości, kościoła protestanckiego, swobodnie sobie podróżują po Europie, gdyż sankcje wizowe dotyczą tylko kilkorga z nich"</xhtml:em> mówiła posłanka i apelowała do Komisji o większą aktywność i zaangażowanie. </xhtml:div>
<xhtml:div align="justify"> </xhtml:div>
<xhtml:div align="justify"><xhtml:em>"Ile jeszcze dyktatur musi runąć, ile ludzi wycierpieć, stracić życie czy zdrowie w więzieniach odsiadując wyroki za swoje przekonania za obronę kilku myśli, co nie nowe, za wierność podstawowym prawom człowieka, za wierność i przywiązanie do wolności i sprawiedliwości, by ponurzy dyktatorzy jak Fidel Castro czy Łukaszenko zrozumieli, że są udręką swoich narodów?"</xhtml:em> pytał <xhtml:strong>Bogusław Sonik (PPE-DE). </xhtml:strong>Polski poseł oczekuje, że<xhtml:strong> </xhtml:strong>Komisja Europejska i Rada Europejska pomogą <xhtml:em>"obywatelom wolnego świata, szczególnie z tej części Europy, która przeszła przez piekło komunizmu i którzy w szczególny sposób są powołani do walki z totalitaryzmem i pogardą dla swobód obywatelskich i wolności"</xhtml:em>. Pomoc powinna dotyczyć budowania podstaw wolnego społeczeństwa obywatelskiego, kształcenia młodzieży, wspierania opozycji demokratyczną, piętnowania łamanie swobód obywatelskich i praw człowieka, wspierania kultury białoruską, której częścią jest język białoruski. <xhtml:em>"Dlatego błędem było wspieranie audycji radiowych i telewizyjnych w języku rosyjskim. Pieniądze europejskie trzeba przeznaczyć na audycje radiowe i telewizyjne w języku białoruskim"</xhtml:em> mówił polski poseł i wskazywał, że audycje takie już nadaje polskie radio i telewizja i to one, jak również projekt radia stworzonego przez wolnych Białorusinów na emigracji w Polsce, Litwie, Ukrainie powinny być dofinansowane ze środków UE. <xhtml:em>"Europa będzie zawsze symbolem wolności, proszę więc o stworzenie radia Wolna Białoruś"</xhtml:em> zakończył Sonik. </xhtml:div>

</xhtml:div></Content><REF text-before="reference_abbr"><ns1:ID>20050922IPR00583</ns1:ID></REF></Infopress>
</imp:doc>
<imp:links imp:orderNum="0">
</imp:links>
<imp:assoc imp:orderNum="0">
<ASSOCIATION NAME="DTD">-//EP//DTD IM-PRESS 20050901 IPR DOC XML V0//EN</ASSOCIATION>
<ASSOCIATION NAME="XSL">-//EP//STYLESHEET IM-PRESS 20050901 IPR DOC XML V0//EN</ASSOCIATION>
</imp:assoc>
</imp:content>