<imp:content xmlns:imp="http://APIE.imp">

<imp:doc imp:orderNum="0">
<Infopress language="PL" xmlns:ns1="SipadeType" xmlns:xhtml="http://www.w3.org/1999/xhtml"><Title>Kobiety a ubóstwo w Unii Europejskiej</Title><Topic>Prawa kobiet/równouprawnienie</Topic><PublicationDate>2005-10-13 - 15:12</PublicationDate><Photography href="20051012PHT01345" title="Ubóstwo szczególnie często dotyka kobiet" alt="Ubóstwo szczególnie często dotyka kobiet" ext="jpg" width="480" height="728">Samotna bezdomna matka</Photography><Chapo>

Ubóstwo to nie tylko problem braku środków ekonomicznych, to także pogwałcenie praw człowieka. To jeden z wniosków zawartych w przyjętym dziś sprawozdaniu, w którym Parlament zwraca uwagę na rozwarstwienie płac i nierówność szans na rynku pracy kobiet i mężczyzn. Wśród gospodarstw domowych prowadzonych samotnie przez jedno z rodziców, aż 85% to gospodarstwa samotnych kobiet, a dwie trzecie obywateli powyżej 65 roku życia to także kobiety. 

</Chapo><Content><xhtml:div>

<xhtml:div align="justify"> </xhtml:div>
<xhtml:div> </xhtml:div>
<xhtml:div align="justify">Sprawozdanie posłanki Anny <xhtml:strong>Záborskiej </xhtml:strong>(EPP-ED, SK) skupia się na czterech obszarach problemowych: (1) opracowaniu wskaźników i metodologii badania jak bieda i wykluczenie społeczne wpływa na kobiety i mężczyzn, (2) wspieraniu partnerstwa z najbiedniejszymi kobietami i rodzinami na wszystkich szczeblach procesu decyzyjnego, (3) godzeniu obowiązków zawodowych i rodzinnych w środowisku dotkniętym biedą lub wykluczeniem oraz (4) wkładzie społeczeństwa obywatelskiego w walkę z ubóstwem.</xhtml:div>
<xhtml:div align="justify"> </xhtml:div>
<xhtml:div align="justify">Posłowie podkreślają, że ubóstwo przejawia się nie tylko brakiem dochodu, ale stanowi zagrożenie dla zdrowia powodując głód, niedożywienie i rosnącą śmiertelność w wyniku chorób. Ubóstwo wiąże się także z ograniczeniem lub brakiem dostępu do edukacji, bezdomnością lub niewłaściwymi warunkami mieszkaniowymi, niebezpiecznym otoczeniem oraz dyskryminacją i wykluczeniem społecznym. Charakteryzuje się ono także brakiem udziału w podejmowaniu decyzji oraz w życiu obywatelskim, społecznym i kulturalnym. W związku z tym posłowie zachęcają  Państwa Członkowskie do podjęcia działań w celu zagwarantowania kobietom sprawiedliwego dostępu do systemów opieki zdrowotnej, a zwłaszcza podstawowych usług zdrowotnych, usług ginekologiczno-położniczych, przyzwoitych mieszkań, wymiaru sprawiedliwości, edukacji, szkoleń, kształcenia ustawicznego oraz sportu i kultury. Parlament uznaje, że zapobiegnie to zbyt wczesnemu opuszczaniu szkół przez kobiety, a także umożliwi im łatwe przejście ze szkoły na rynek pracy. </xhtml:div>
<xhtml:div align="justify"> </xhtml:div>
<xhtml:div align="justify">Posłowie dostrzegają, że ubóstwo dotyka przede wszystkim kobiet. Według przeprowadzonych badań w 17 Państwach Członkowskich ryzyko nędzy wśród kobiet jest o wiele wyższe niż ryzyko nędzy wśród mężczyzn. Gospodarstwa domowe, których głowami rodziny są kobiety, zarabiają od 9 do 26% mniej, niż te, których głowami rodziny są mężczyźni, przy czym odsetek ten jest największy w Wielkiej Brytanii (26%), a następnie w Szwecji (14%), Francji (12%), Holandii (11%), Niemczech (10%) i Włoszech (9%). Także różnice płac mężczyzn i kobiet w Europie sięgają średnio od 16% do 33%. Posłowie twierdzą, że nie dokonał się żaden rzeczywisty postęp w odniesieniu do wdrażania zasady równej płacy za taką samą pracę, wprowadzonej trzydzieści lat temu w dyrektywie Rady 75/117/WE w sprawie równych płac dla mężczyzn i kobiet. Aż 30% kobiet pracujących w UE jest zatrudnionych w niepełnym wymiarze godzin, co często jest wymuszone brakiem żłobków i przedszkoli będących w ich zasięgu finansowym, podczas gdy odsetek ten dla mężczyzn wynosi 6,6%.</xhtml:div>
<xhtml:div align="justify"> </xhtml:div>
<xhtml:div align="justify">Posłowie wzywają zatem Państwa Członkowskie do włączania problematyki płci do głównego nurtu życia społecznego i politycznego, zajęcia się kwestią różnic w płacach i promowania takich warunków i jakości pracy, które umożliwiają zarówno kobietom jak mężczyznom pełen udział w rynku pracy.</xhtml:div>
<xhtml:div align="justify"> </xhtml:div>
<xhtml:div align="justify">We wtorek, 11.10.2005r. odbyło się seminarium pod hasłem „Kobiety i mikrokredyty" dotyczące form aktywizacji zawodowej kobiet - zorganizowane wspólnie przez cztery komisje, m.in. Komisję Rozwoju i Komisję Praw Kobiet.</xhtml:div>

</xhtml:div></Content><REF text-before="reference_abbr"><ns1:ID>20051007IPR01172</ns1:ID></REF><Knowmore text-before="more"><Link href="http://www.oct17.org/site/" title="Więcej informacji ">Światowy Dzień Sprzeciwu Wobec Nędzy - 17 października 2005r.</Link><Link href="imp://IPR/20051010IPR01194-PL" title="Więcej informacji"><ANCHOR ID='3' FAMILY='IM-PRESS'>Mikrokredyty jako środek walki z ubóstwem i aktywizacji zawodowej kobiet</ANCHOR></Link></Knowmore></Infopress>
</imp:doc>
<imp:links imp:orderNum="0">
<LINK>
<LANGUAGE>PL</LANGUAGE>
<RANK>1</RANK>
<ORIGIN>PHOTO</ORIGIN>
<URL>20051012PHT01345.jpg</URL>
</LINK>
<LINK>
<LANGUAGE>PL</LANGUAGE>
<RANK>2</RANK>
<ORIGIN>LINK</ORIGIN>
<URL>http://www.oct17.org/site/</URL>
</LINK>
</imp:links>
<imp:linkFile imp:orderNum='0'>
<LINK ID='1'>
<LINK-POS ID='3'/>
<LINK-TYPE ID='IM-PRESS'/>
<LINK-TARGET-PUBREF>-//EP//TEXT IM-PRESS 20051010IPR01194 0 NOT XML V0//PL</LINK-TARGET-PUBREF>
</LINK>
</imp:linkFile>
<imp:assoc imp:orderNum="0">
<ASSOCIATION NAME="DTD">-//EP//DTD IM-PRESS 20050901 IPR DOC XML V0//EN</ASSOCIATION>
<ASSOCIATION NAME="XSL">-//EP//STYLESHEET IM-PRESS 20050901 IPR DOC XML V0//EN</ASSOCIATION>
</imp:assoc>
</imp:content>