<imp:content xmlns:imp="http://APIE.imp">

<imp:doc imp:orderNum="0">
<Infopress language="PL" xmlns:ns1="SipadeType" xmlns:xhtml="http://www.w3.org/1999/xhtml"><Title>Sztuka cyrkowa częścią kultury europejskiej</Title><Topic>Kultura</Topic><PublicationDate>2005-10-13 - 14:02</PublicationDate><Chapo>

Sztuka cyrkowa, łącznie z występami zwierząt, powinna być uznana za część kultury europejskiej, uznał Parlament i przyjął projekt legislacyjny, który ułatwi pracownikom przemieszczającym się oraz ich dzieciom dostęp do kształcenia szkolnego i zawodowego.

</Chapo><Content><xhtml:div>

<xhtml:div align="justify"> </xhtml:div>
<xhtml:div align="justify">Sprawozdanie posłanki Doris <xhtml:strong>PACK</xhtml:strong> (EPP-ED, DE) <xhtml:em>w sprawie nowych wyzwań stojących przed cyrkiem, stanowiącym część kultury europejskiej</xhtml:em> wskazuje, że cechą charakterystyczną cyrku jest transgraniczne przemieszczanie się, co powoduje szereg trudności, w tym w dostępie do edukacji dla dzieci osób wędrujących. Posłowie chcą też tworzyć odpowiednie warunki i wspierać ośrodki szkolenia zawodowego cyrkowców, co uzasadnia konieczność wprowadzenia środków w tym zakresie na poziomie unijnym.</xhtml:div>
<xhtml:div align="justify"> </xhtml:div>
<xhtml:div align="justify">Parlament wezwał Komisję Europejską do zagwarantowania i popierania właściwego poziomu kształcenia szkolnego i zawodowego dzieciom, młodzieży i dorosłym należącym do społeczności przemieszczających się Komisja powinna też zapewnić środki na projekty pilotażowe w celu opracowania właściwych modeli edukacji szkolnej dla dzieci rodzin cyrkowych.</xhtml:div>
<xhtml:div align="justify"> </xhtml:div>
<xhtml:div align="justify">Parlament wzywa Komisję Europejską do stworzenia obszernego zestawu norm dla mobilnych urządzeń cyrkowych (jak np. namioty), co ułatwi poruszanie się cyrków pomiędzy Państwami Członkowskimi oraz przyczyni się w ten sposób do zachowania klasycznego cyrku europejskiego i bezpieczeństwa publicznego.</xhtml:div>
<xhtml:div align="justify"> </xhtml:div>
<xhtml:div align="justify">Posłowie chcą ponadto, aby Komisja Europejska wprowadziła jednolite regulacje w zakresie przyznawania wiz i pozwoleń na pracę dla artystów przemieszczających się, które powinny m.in. likwidować trudne do spełnienia obowiązki w odniesieniu do artystów z krótkoterminowymi umowami o pracę oraz umożliwiać wystawianie krótkoterminowych wiz lub pozwoleń na pobyt. Jednocześnie, jak zauważają posłowie, należałoby zapobiec ewentualnemu wykorzystywaniu takiej możliwości do handlu ludźmi.</xhtml:div>

</xhtml:div></Content><REF text-before="reference_abbr"><ns1:ID>20051007IPR01167</ns1:ID></REF></Infopress>
</imp:doc>
<imp:links imp:orderNum="0">
</imp:links>
<imp:assoc imp:orderNum="0">
<ASSOCIATION NAME="DTD">-//EP//DTD IM-PRESS 20050901 IPR DOC XML V0//EN</ASSOCIATION>
<ASSOCIATION NAME="XSL">-//EP//STYLESHEET IM-PRESS 20050901 IPR DOC XML V0//EN</ASSOCIATION>
</imp:assoc>
</imp:content>