<imp:content xmlns:imp="http://APIE.imp">

<imp:doc imp:orderNum="0">
<Infopress language="PL" xmlns:ns1="SipadeType" xmlns:xhtml="http://www.w3.org/1999/xhtml"><Title>Integracja imigrantów w Europie poprzez szkołę i nauczanie wielojęzyczne</Title><Topic>Edukacja</Topic><PublicationDate>2005-10-13 - 14:02</PublicationDate><Chapo>

Szkoły i edukacja wielojęzyczna pomagają w zrozumieniu różnic kulturowych i integracji dzieci i młodzieży ze społeczności imigranckich, to wniosek ze sprawozdania przyjętego dziś przez Parlament. 

</Chapo><Content><xhtml:div>

<xhtml:div align="justify"> </xhtml:div>
<xhtml:div align="justify">W sprawozdaniu Miguela <xhtml:strong>PORTASA </xhtml:strong>(GUE/NGL, PT) przyjętym większością głosów, Parlament uważa, że należy wspierać instytucje edukacyjne w promowaniu różnorodności językowej i kulturowej. Promowanie języka ojczystego oraz zachowanie dziedzictwa kulturowego środowisk imigranckich powinno stać się priorytetem systemów edukacyjnych w krajach UE, uważają posłowie. </xhtml:div>
<xhtml:div align="justify"> </xhtml:div>
<xhtml:div align="justify">Dzieci imigrantów w wieku szkolnym mają prawo do oświaty publicznej niezależnie od prawnego statusu ich rodzin, uznają posłowie dodając, że powinno się umożliwić tym dzieciom dostęp do ich języka ojczystego oraz do kultury ich kraju pochodzenia, nie wykluczając przy tym finansowania ze środków publicznych. Jednocześnie posłowie są zdania, że integracja imigrantów w szkole nie może odbywać się ze szkodą dla wspierania wspólnego języka obowiązującego w systemie edukacyjnym. </xhtml:div>
<xhtml:div align="justify"> </xhtml:div>
<xhtml:div align="justify">Aby zapobiegać podziałom językowym i etnicznym Parlament poparł Komisję Europejską proponującą, aby systemy oświaty w krajach UE gwarantowały uczniom naukę od jak najwcześniejszych lat dwóch języków obcych oprócz języka ojczystego. Posłowie zwracają uwagę na potrzebę wykorzystania różnych metod wspierających integrację poprzez wielojęzyczność, takich jak metoda zintegrowanego nauczania przedmiotowo-językowego CLIL ("Content and Language Integrated Learning"), gdzie w klasie nauczanie odbywa się jednocześnie w dwóch językach. </xhtml:div>
<xhtml:div align="justify"> </xhtml:div>
<xhtml:div align="justify">Posłowie wzywają KE do wzmocnienia pomocy w przeprowadzaniu specjalistycznych szkoleń dla nauczycieli pochodzących z krajów pochodzenia imigrantów, umożliwiając im zdobycie kwalifikacji w zakresie różnych metod wspierania integracji poprzez wielojęzyczność. Powinny być wspierane projekty edukacyjne, które uczą imigrantów języka i kultury kraju przyjmującego, a także te projekty, które umożliwiają dialog między kulturą i historią regionu przyjmującego, a kulturą i historią społeczności imigranckich.</xhtml:div>

</xhtml:div></Content><REF text-before="reference_abbr"><ns1:ID>20051007IPR01166</ns1:ID></REF></Infopress>
</imp:doc>
<imp:links imp:orderNum="0">
</imp:links>
<imp:assoc imp:orderNum="0">
<ASSOCIATION NAME="DTD">-//EP//DTD IM-PRESS 20050901 IPR DOC XML V0//EN</ASSOCIATION>
<ASSOCIATION NAME="XSL">-//EP//STYLESHEET IM-PRESS 20050901 IPR DOC XML V0//EN</ASSOCIATION>
</imp:assoc>
</imp:content>