<imp:content xmlns:imp="http://APIE.imp">

<imp:doc imp:orderNum="0">
<Infopress language="PL" xmlns:ns1="SipadeType" xmlns:xhtml="http://www.w3.org/1999/xhtml"><Title>Ochrona zasobów połowowych w wodach Morza Bałtyckiego</Title><Topic>Rybołówstwo</Topic><PublicationDate>2005-10-13 - 15:12</PublicationDate><Chapo>

Polscy rybacy będą musieli zaprzestać stosowania pławnic do połowów łososia na Bałtyku. Zanim jednak zakaz zostanie wprowadzony w 2008 roku, Komisja Europejska dokona oceny wpływu ich stosowania na populację ssaków morskich w Bałtyku. 

</Chapo><Content><xhtml:div>

<xhtml:div align="justify"> </xhtml:div>
<xhtml:div align="justify">Parlament przyjął sprawozdanie w sprawie ochrony zasobów połowowych w wodach Morza Bałtyckiego. Sprawozdanie do projektu rozporządzenia Komisji Europejskiej przygotował polski deputowany Zdzisław Kazimierz <xhtml:strong>Chmielewski</xhtml:strong> (EPP-ED, PL).</xhtml:div>
<xhtml:div align="justify"> </xhtml:div>
<xhtml:div align="justify">Najwięcej kontrowersji wzbudził zapis w projekcie Komisji Europejskiej, który zabrania od 1 stycznia 2008r. stosowania pławnic do połowu łososia. Decyzja o likwidacji tych urządzeń połowowych pozbawi możliwości łowienia  polskich armatorów i w praktyce może spowodować trudności ekonomiczne całej branży połowu łososia. </xhtml:div>
<xhtml:div align="justify"> </xhtml:div>
<xhtml:div align="justify">Pławice stanowią zagrożenie dla populacji ssaków morskich, powodując ich śmiertelne przyłowy. Niektórzy posłowie argumentują, że pławnice łososiowe stosowane w południowej części Bałtyku stanowią minimalne zagrożenie dla morświnów, które występują tam jedynie śladowo. Na poparcie przywołują dane, według których w ciągu ostatniego półwiecza na południowym Bałtyku złowiono na ten sprzęt zaledwie kilka ssaków morskich. </xhtml:div>
<xhtml:div align="justify"> </xhtml:div>
<xhtml:div align="justify">Posłowie przyznają jednak, że zmniejszanie się populacji morświnów, nakazuje zachowanie szczególnej roztropności i konieczność wnikliwego zbadania tego problemu. Parlament proponuje, aby przed wprowadzeniem zakazu, a więc nie później niż do dnia 1 stycznia 2008 r., dokonana została ewaluacja skutków stosowania pławnic i innych narzędzi oplątujących. Poseł sprawozdawca nazwał ten zapis jedynym możliwym w tej sytuacji kompromisem. <xhtml:em>"Starałem się łączyć wodę z ogniem"</xhtml:em> powiedział polski poseł o swoich staraniach pogodzenia interesu rybaków i ochrony ssaków morskich w Bałtyku.</xhtml:div>

</xhtml:div></Content><REF text-before="reference_abbr"><ns1:ID>20051010IPR01209</ns1:ID></REF></Infopress>
</imp:doc>
<imp:links imp:orderNum="0">
</imp:links>
<imp:assoc imp:orderNum="0">
<ASSOCIATION NAME="DTD">-//EP//DTD IM-PRESS 20050901 IPR DOC XML V0//EN</ASSOCIATION>
<ASSOCIATION NAME="XSL">-//EP//STYLESHEET IM-PRESS 20050901 IPR DOC XML V0//EN</ASSOCIATION>
</imp:assoc>
</imp:content>