<imp:content xmlns:imp="http://APIE.imp">

<imp:doc imp:orderNum="0">
<Infopress language="PL" xmlns:ns1="SipadeType" xmlns:xhtml="http://www.w3.org/1999/xhtml"><Title>Kontrola handlu odpadami</Title><Topic>Środowisko</Topic><PublicationDate>2005-10-25 - 14:09</PublicationDate><Chapo>

Dobrobyt ma swoją cenę: ilość odpadów, którymi wypychamy nasze kosze na śmieci. Mimo starań, aby zmniejszać ilość odpadów wytwarzanych u źródła - ciągle ich przybywa. Odpady stały się nawet przedmiotem handlu międzynarodowego. Posłowie przyjęli dziś propozycję nowej regulacji redukującej wpływ handlu odpadami na środowisko.

</Chapo><Content><xhtml:div>

<xhtml:div align="justify"> </xhtml:div>
<xhtml:div align="justify">Większość grup politycznych z wyjątkiem Zielonych, GUE/NGL oraz UEN, opowiedziało się za kompromisowymi poprawkami, które mogą zostać zaakceptowane przez Radę. To pozwala mieć nadzieję, że procedura legislacyjna nad tym projektem zakończy się na obecnym, drugim czytaniu. Rozporządzenie weszłoby w życie po upływie roku od publikacji w Dzienniku Urzędowym, czyli z początkiem 2007 roku.</xhtml:div>
<xhtml:div align="justify"> </xhtml:div>
<xhtml:div align="justify">W trakcie debaty poseł sprawozdawca Johannes <xhtml:strong>Blokland</xhtml:strong> (IND/DEM, NL) wskazywał na rosnący problem nielegalnego handlu odpadami, zwłaszcza ich nielegalnego eksportu do krajów rozwijających się. Nieprawidłowości stwierdza się na przykład przy ponad 75% odpraw celnych odpadów w samej Wielkiej Brytanii, a sytuacja w innych krajach nie jest lepsza.</xhtml:div>
<xhtml:div align="justify"> </xhtml:div>
<xhtml:div align="justify">Proponowane rozporządzenie Parlamentu Europejskiego i Rady w sprawie przemieszczania odpadów nie jest całkiem nową regulacją, lecz ma zastąpić wcześniejsze rozporządzenie z 1993 roku, które nie okazało się tak skuteczne jak oczekiwano. Nowy projekt precyzuje zasady i procedury mające zastosowanie przy przemieszczaniu odpadów oraz wprowadza najnowsze standardy opracowane przez OECD w 2001 roku oraz Konwencję Bazylejską po poprawkach w 1998 roku.</xhtml:div>
<xhtml:div align="justify"> </xhtml:div>
<xhtml:div align="justify">Posłowie zwracają uwagę na konieczność większej kontroli eksportu statków morskich przeznaczonych do złomowania, gdyż pojawi się naturalna skłonność wysyłania ich do krajów o niższych standardach ochrony środowiska. Sam projekt rozporządzenia nie zajmuje się szczegółowo tą kwestią, ale odnosi się do działań podejmowanych przez Międzynarodową Organizację Morską, Konwencję Bazylejską i inne agencje w celu ustanowienia globalnych standardów w tym zakresie.</xhtml:div>
<xhtml:div align="justify"> </xhtml:div>
<xhtml:div align="justify">Projekt przewiduje też, że aby zachęcić do przetwarzania odpadów w miejscu ich wytworzenia, kraje przyjmujące będą mogły zabronić importu odpadów pochodzących z gospodarstw domowych.</xhtml:div>

</xhtml:div></Content><REF text-before="reference_abbr"><ns1:ID>20051019IPR01652</ns1:ID></REF></Infopress>
</imp:doc>
<imp:links imp:orderNum="0">
</imp:links>
<imp:assoc imp:orderNum="0">
<ASSOCIATION NAME="DTD">-//EP//DTD IM-PRESS 20050901 IPR DOC XML V0//EN</ASSOCIATION>
<ASSOCIATION NAME="XSL">-//EP//STYLESHEET IM-PRESS 20050901 IPR DOC XML V0//EN</ASSOCIATION>
</imp:assoc>
</imp:content>