<imp:content xmlns:imp="http://APIE.imp">

<imp:doc imp:orderNum="0">
<Infopress language="PL" xmlns:ns1="SipadeType" xmlns:xhtml="http://www.w3.org/1999/xhtml"><Title>Ambitny plan redukcji emisji gazów cieplarnianych</Title><Topic>Środowisko</Topic><PublicationDate>2005-11-17 - 15:17</PublicationDate><Chapo>

Europa powinna przyjąć ambitny plan redukcji emisji gazów cieplarnianych po roku 2012 uznał Parlament Europejski przyjmując rezolucję w sprawie powstrzymywania zmian klimatycznych na świecie. Celem jest zmniejszenie emisji gazów cieplarnianych o 60-80% do roku 2050.

</Chapo><Content><xhtml:div>

<xhtml:div align="justify"> </xhtml:div>
<xhtml:div align="justify">Przyjęte stosunkiem głosów 450 za, 66 przeciw i 143 wstrzymujących się, sprawozdanie posła Andersa<xhtml:strong> Wijkmana </xhtml:strong>(EPP-ED, SE)<xhtml:strong> </xhtml:strong>sprawie powstrzymywania zmian klimatycznych na świecie daje posłom okazję przedstawienia stanowiska Parlamentu przed Konferencją ONZ w sprawie zmian klimatycznych zaplanowaną w Montrealu od 28 listopada do 9 grudnia br. Uczestnicy konferencji będą dyskutować, jakie kroki po 2012 podjąć w skali globalnej, ale Parlament Europejski proponuje w rezolucji także katalog działań dla Europy na najbliższe lata.</xhtml:div>
<xhtml:div align="justify"> </xhtml:div>
<xhtml:div align="justify">Określając strategię UE w zakresie łagodzenia zmian klimatycznych, posłowie wzywają do dokonania znacznych wewnętrznych redukcji emisji, poczynając od ograniczeń na szczeblu krajowym w wysokości co najmniej 20-30% do 2020 r., przy pomocy zachęt rynkowych i regulacji w celu stymulowania większej wydajności i rozwoju technologii bezemisyjnych i niskoemisyjnych.</xhtml:div>
<xhtml:div align="justify"> </xhtml:div>
<xhtml:div align="justify">Parlament podkreśla, że wiele technologii potrzebnych do redukcji emisji gazów cieplarnianych napotyka bariery, które utrudniają ich stosowanie, takie jak dopłaty do paliw kopalnych i wzywa Komisję do przedstawienia projektu przepisów mających na celu zniesienie takich dopłat oraz wprowadzenia w ich miejsce systemu zachęt na rzecz większego wykorzystania energooszczędnych, niskoemisyjnych i bezemisyjnych technologii.</xhtml:div>
<xhtml:div align="justify"> </xhtml:div>
<xhtml:div align="justify">W odniesieniu do istniejącego systemu handlu emisjami Parlament uznaje, że podczas jego przeglądu należy dokładnie rozważyć koncepcję nieodpłatnego przyznawania uprawnień na podstawie historycznego poziomu emisji (grandfathering) ze względu na znaczne braki tej metody. Trzeba też zbadać metody alternatywne, takie jak alokacja w oparciu o wielkość produkcji z określonym poziomem odniesienia (benchmarking) i sprzedaż na aukcji – z wykorzystaniem założenia handlu emisjami na poziomie producentów i importerów paliw (up-stream approach). Ponadto należy ponownie rozważyć krajowe przydziały emisji ze względu na wzrost handlu transgranicznego, zwłaszcza w zakresie energii elektrycznej.</xhtml:div>
<xhtml:div align="justify"> </xhtml:div>
<xhtml:div align="justify">Parlament Europejski z zadowoleniem przyjmuje uzgodnienie przez Radę celów zmniejszenia emisji gazów cieplarnianych rzędu 15-30% do roku 2020 dla krajów rozwiniętych, ale uważa jednocześnie, że konieczne jest ustalenie długoterminowych celów zmniejszenia emisji oraz sugeruje ustalenie celu wynoszącego 60-80% do 2050 roku.</xhtml:div>
<xhtml:div align="justify"> </xhtml:div>
<xhtml:div align="justify">Posłowie przypominają, że potencjał oszczędności energii w UE wynosi do 40%, jednak by dokonać takiej oszczędności, należy ustalić ścisłe wiążące poziomy docelowe. Posłowie zauważają, że energia odnawialna mogłaby do 2020 r. osiągnąć poziom pozwalający na pokrywanie 25% zużycia energii w UE.</xhtml:div>
<xhtml:div align="justify"> </xhtml:div>
<xhtml:div align="justify">Parlament poparł wprowadzenie podatków ekologicznych na szczeblu Wspólnoty uznając, że mają one zasadnicze znaczenie dla zapewnienia efektywności polityki ograniczania poziomu zanieczyszczeń. Posłowie chcieliby, aby pierwsze europejskie podatki ekologiczne uchwalono w terminie do 2009 r.</xhtml:div>
<xhtml:div align="justify"> </xhtml:div>
<xhtml:div align="justify">Posłowie zauważają, że zasadnicze znaczenie maja zmiany w sektorze transportu, ponieważ jego udział we wspólnotowej emisji CO2 wynosi około 30%, z czego około 85% przypada na transport drogowy. Podkreślają przy tym, że wydajność energetyczna transportu kolejowego jest znacznie wyższa niż transportu drogowego. Wzywają zatem do opracowania polityki silnych środków mających na celu redukcję emisji pochodzących z transportu, w tym do nałożenia prawnego ograniczenia emisji CO2 z nowych pojazdów. Wzywają też Komisję Europejską do przedstawienia propozycji mających na celu ograniczenie natężenia ruchu w Unii Europejskiej w okresie do 2010 r.</xhtml:div>
<xhtml:div align="justify"> </xhtml:div>
<xhtml:div align="justify">Transport lotniczy jest odpowiedzialny za od 4 do 9% ogólnego poziomu emisji gazów cieplarnianych na całym świecie, a poziom emisji powstających w transporcie lotniczym wzrasta corocznie o 3%. Posłowie podkreślają w związku z tym konieczność ustanowienia rygorystycznych celów w zakresie ograniczania emisji w sektorze transportu lotniczego i wzywają Komisję do podjęcia natychmiastowych działań w celu zmniejszenia oddziaływania transportu lotniczego na klimat poprzez stworzenie pilotażowego systemu handlu emisjami powstającymi w transporcie lotniczym na okres 2008-2012. Program obejmowałby wszystkie rejsy do i z portów lotniczych UE. Posłowie wzywają do podjęcia równoległych wysiłków na rzecz rozwiązania problemu emisji powstających podczas transportu morskiego</xhtml:div>
<xhtml:div align="justify"> </xhtml:div>
<xhtml:div align="justify">Posłowie wzywają Komisję do zaktualizowania dyrektywy dotyczącej biopaliw, aby uwzględniała najnowsze technologie z zakresu łączenia paliw tradycyjnych i biopaliw. Celem ma być wprowadzenie w całej UE obowiązkowych standardów dotyczących nowych paliw i utworzenia zachęt dla flot samochodowych przystosowanych do zasilania biopaliwem.</xhtml:div>
<xhtml:div align="justify"> </xhtml:div>
<xhtml:div align="justify">Za priorytet uznają posłowie rozwój stosowania biomasy i wskazują na potrzebę dywersyfikacji kierunków badań oraz wprowadzenia środków prewencyjnych w celu zapobiegania oddziaływaniu zmian klimatycznych na ludzkie zdrowie i bezpieczeństwo.</xhtml:div>
<xhtml:div align="justify"> </xhtml:div>
<xhtml:div align="justify">Posłowie wzywają instytucje europejskie, aby dały dobry przykład polegający na zmniejszaniu emisji gazów cieplarnianych poprzez większą oszczędność energii zużywanej w budynkach biurowych i przez wykorzystywany sprzęt. Przyjęta została także wzmianka zawarta w sprawozdaniu dotycząca dołożenia szczególnych starań w zakresie podróży posłów do Parlamentu i powtórnego rozpatrzeniem dwóch miejsc pracy PE.</xhtml:div>

</xhtml:div></Content><REF text-before="reference_abbr"><ns1:ID>20051117IPR02438</ns1:ID></REF></Infopress>
</imp:doc>
<imp:links imp:orderNum="0">
</imp:links>
<imp:assoc imp:orderNum="0">
<ASSOCIATION NAME="DTD">-//EP//DTD IM-PRESS 20050901 IPR DOC XML V0//EN</ASSOCIATION>
<ASSOCIATION NAME="XSL">-//EP//STYLESHEET IM-PRESS 20050901 IPR DOC XML V0//EN</ASSOCIATION>
</imp:assoc>
</imp:content>