<imp:content xmlns:imp="http://APIE.imp">

<imp:doc imp:orderNum="0">
<Infopress language="PL" xmlns:ns1="SipadeType" xmlns:xhtml="http://www.w3.org/1999/xhtml"><Title>Debata nad pakietem REACH</Title><Topic>Środowisko</Topic><PublicationDate>2005-11-16 - 16:24</PublicationDate><Chapo>

W Parlamencie Europejskim odbyła się debata nad pakietem legislacyjnym w sprawie rejestracji, oceny i zatwierdzania produktów chemicznych - REACH. Komisarz Verheugen powiedział, że Komisja Europejska popiera kompromis wypracowany przez największe kluby parlamentarne. Oto skrót z wybranych fragmentów debaty i głosy polskich mówców.

</Chapo><Content><xhtml:div>

<xhtml:div align="justify"> </xhtml:div>
<xhtml:div align="justify">Zabierając głos w imieniu Komisji Europejskiej komisarz ds. przemysłu Günter <xhtml:strong>Verheugen </xhtml:strong>powiedział, że KE popiera kompromisowe poprawki zgłoszone przez posła Sacconi i Nassauera dotyczące rejestracji substancji i wymiany informacji. Kompromisowe poprawki Parlamentu zmierzają do uściślenia zakresu regulacji, wyłączenia pewnych substancji do czasu ich dokładniejszego zdefiniowania i pozwalają uniknąć podwójnej regulacji. Komisarz Verheugen podkreślał, że celem rozporządzenia REACH jest wdrożenie efektywnego systemu tworzącego zachęty do zastępowania najbardziej szkodliwych substancji ich mniej szkodliwymi odpowiednikami, ale też pozwalającego Europejskim przedsiębiorstwom na zachowanie konkurencyjności względem konkurentów z USA i Dalekiego Wschodu.</xhtml:div>
<xhtml:div align="justify"> </xhtml:div>
<xhtml:div align="justify">Również komisarz ds. środowiska Stavros <xhtml:strong>Dimas</xhtml:strong> poparł wypracowany kompromis. Dodał, że nowa regulacja zwiększy zaufanie konsumentów do kupowanych produktów, a także przyczyni się do wzrostu innowacyjności. </xhtml:div>
<xhtml:div align="justify"> </xhtml:div>
<xhtml:div align="justify">Przemawiając w imieniu Prezydencji Brytyjskiej w Radzie Lord <xhtml:strong>Bach</xhtml:strong> powiedział, że zależy mu na zrównoważonym kompromisie, który będzie promował ochronę zdrowia i środowiska zapewniając jednocześnie wysoką konkurencyjność europejskiego przemysłu. Rejestracja jest niezbędna do oceny ryzyka, ale musi być proporcjonalna, aby nie wpływała negatywnie na małe i średnie przedsiębiorstwa. </xhtml:div>
<xhtml:div align="justify"> </xhtml:div>
<xhtml:div align="justify">Poseł sprawozdawca parlamentarnego sprawozdania w sprawie pakietu legislacyjnego REACH - Guido <xhtml:strong>Sacconi </xhtml:strong>(PSE, IT) mówił o równowadze i odpowiedzialności jaką udało się osiągnąć w końcowych pracach nad projektem. Kompromis osiągnięty w ramach trzech największych grup politycznych wzmacnia równowagę między ochroną środowiska i zdrowia, a konkurencyjnością przemysłu chemicznego. Podkreślił też, że Parlament pokazał swoją niezależność i odpowiedzialność mimo wielu nacisków ze strony lobbystów po obu stronach sporu. Podkreślił, że obecny kompromis zbliża stanowisko Parlamentu do stanowiska Rady. <xhtml:em>"To porozumienie jest jak owoc: trzeba go zerwać gdy jest dojrzały, inaczej zgnije. Zerwijmy owoc tego kompromisu i dopełnijmy ten projekt"</xhtml:em> powiedział poseł sprawozdawca.</xhtml:div>
<xhtml:div align="justify"> </xhtml:div>
<xhtml:div align="justify">Przemawiając w imieniu Lena <xhtml:strong>Ek </xhtml:strong>(ADLE, SE) komisji ds. przemysłu (ITRE) wyrażała obawy o wpływ, jaki będzie miała legislacja na MŚP i wskazywała na trudności w rozmowach z Komisją Europejską w trakcie prac nad pakietem. Stwierdził, że pakiet należy uprościć z myślą o MŚP i wzmocnić z myślą o środowisku. Komisja ds. przemysłu starała się promować innowacyjność i rozwój technologii. Apelowała o poparcie kompromisu.</xhtml:div>
<xhtml:div align="justify"> </xhtml:div>
<xhtml:div align="justify">Hartmut <xhtml:strong>Nassauer </xhtml:strong>(PPE/DE, DE) przemawiając w imieniu komisji rynku wewnętrznego (IMCO) podkreślał znaczenie REACH dla środowiska i konsumentów. Mówił, że w ciągu 11 lat uda się zapewnić kontrolę nad wpływem ponad 30 000 substancji chemicznych na zdrowie człowieka i to stanowi ogromny postęp. Przyznał, że wiązać się z tym będą koszty - €200 000 - które będzie musiał ponieść przemysł. On także wezwał do poparcia kompromisu.</xhtml:div>
<xhtml:div align="justify"> </xhtml:div>
<xhtml:div align="justify"> </xhtml:div>
<xhtml:div align="justify"><xhtml:strong>Wystąpienia w imieniu grup politycznych</xhtml:strong></xhtml:div>
<xhtml:div align="justify"> </xhtml:div>
<xhtml:div align="justify">Ria <xhtml:strong>G.H.C. Oomen-Ruijten </xhtml:strong>(PPE, NL) powiedziała, że przemysł chemiczny ma ogromny wpływ na europejską gospodarkę, ale konsumenci nie mają pewności odnośnie bezpieczeństwa produktów, które kupują. Powiedziała, że rysują sie też szanse kompromisu dotyczące autoryzacji substancji. </xhtml:div>
<xhtml:div align="justify"> </xhtml:div>
<xhtml:div align="justify">Robert <xhtml:strong>Goebbels </xhtml:strong>(PSE, LU) prosił o spokojne podejście do REACH - ani zbyt optymistyczne, ani przesadnie pesymistyczne. Powiedział, że sprawozdawcy udało się znaleźć równowagę i nawet przeciwnicy powinni przyznać, że jest to najbardziej postępowa legislacja w tym obszarze.</xhtml:div>
<xhtml:div align="justify"> </xhtml:div>
<xhtml:div align="justify">Lena <xhtml:strong>Ek </xhtml:strong>(ADLE, SE) poparła kompromis Sacconi-Nassauer. Ponownie wskazywała na konieczność uproszczenia rejestracji dla MŚP produkujących 1-10 ton rocznie i ostrzejszych norm dla najbardziej niebezpiecznych substancji. Za ważną uznała też zasadę substytucji.</xhtml:div>
<xhtml:div align="justify"> </xhtml:div>
<xhtml:div align="justify">Carl <xhtml:strong>Schlyter </xhtml:strong>(Zieloni/ALE, SE) opowiedział się przeciwko kompromisowi i apelował o poparcie dla poprawek alternatywnych. Mówił, że Parlament wydaje się być <xhtml:em>"zahipnotyzowany przez niemieckie lobby przemysłowe". </xhtml:em>Mówił, że kompromisowa wersja REACH nie zapewnia dostępu do informacji i ochrony konsumenta.</xhtml:div>
<xhtml:div align="justify"> </xhtml:div>
<xhtml:div align="justify">Jonas <xhtml:strong>Sjöstedt </xhtml:strong>(GUE/NGL, SE) nazwał kompromis <xhtml:em>"dramatycznym osłabieniem"</xhtml:em> oryginalnej propozycji. Zapowiedział, że jego klub będzie głosował przeciw kompromisowi Sacconi-Nassauer. Zieloni/ALE i GUE/NGL proponują własny kompromis. Sjösted apelował o zaostrzenie REACH mówiąc, że zyski będą większe niż koszty i podkreślał odpowiedzialność przemysłu. </xhtml:div>
<xhtml:div align="justify"> </xhtml:div>
<xhtml:div align="justify">Johannes (Hans) <xhtml:strong>Blokland</xhtml:strong> (IND/DEM, NL) opowiedział się za kompromisem Sacconi-Nassauer mimo poczucia, że <xhtml:em>"tracimy w wielu sprawach".</xhtml:em></xhtml:div>
<xhtml:div align="justify"> </xhtml:div>
<xhtml:div align="justify">Liam <xhtml:strong>Aylward </xhtml:strong>(UEN, IE) wskazywał na niekwestionowaną potrzebę nowego ustawodawstwa, które pozwoli na opracowanie nowych, bezpieczniejszych substancji i zastąpi te zagrażające zdrowiu lub środowisku. Dodał, że trzeba zaakceptować równowagę, jaką daje wypracowany kompromis. </xhtml:div>
<xhtml:div align="justify"> </xhtml:div>
<xhtml:div align="justify">Irena <xhtml:strong>Belohorská </xhtml:strong>(NI, SK) mówiła, że linia podziału wokół REACH nie przebiega między przemysłem a ochroną środowiska i zdrowiem, ale także między dużym i drobnym przemysłem chemicznym. Obawiała się dyskryminacji nowych Państw Członkowskich, gdyż zostały one włączone do dyskusji zaledwie przed rokiem. </xhtml:div>
<xhtml:div align="justify"> </xhtml:div>
<xhtml:div align="justify"><xhtml:strong>Polskie głosy w dyskusji</xhtml:strong></xhtml:div>
<xhtml:div align="justify"> </xhtml:div>
<xhtml:div align="justify">Urszula <xhtml:strong>Krupa </xhtml:strong>(IND/DEM, PL) stwierdziła, że już fonetyczne brzmienie nazwy pakietu świadczy o tym, że pod szczytnymi hasłami przygotowany został projekt dla bogatych, który doprowadzi do bankructw wśród MŚP. Niewielka i hipotetyczna poprawa stanu środowiska nie zrekompensuje strat społecznych spowodowanych wzrostem bezrobocia, mówiła polska posłanka i dodawała, że potrzebny jest nowy projekt, którego celem będzie rzeczywista ochrona środowiska i zdrowia.</xhtml:div>
<xhtml:div align="justify"> </xhtml:div>
<xhtml:div align="justify">Jan <xhtml:strong>Tadeusz Masiel </xhtml:strong>(NI, PL) z dotychczasowej dyskusji nad projektem wnioskował, że Europa nie jest jeszcze gotowa do przyjęcia silnego pakietu REACH. Na szczęście jest kompromisowa wersja godząca interesy wszystkich, powiedział poseł i zapowiedział, że w imię przyszłych pokoleń zagłosuje za pakietem nawet, jeśli godzi on w interes finansowy jego kraju.</xhtml:div>
<xhtml:div align="justify"> </xhtml:div>
<xhtml:div align="justify">Adam <xhtml:strong>Gierek </xhtml:strong>(PSE, PL) wskazywał na brak definicji szkodliwych substancji oraz klas szkodliwości związków chemicznych. Zamiast tego rozporządzenie odwołuje się do tonażu podczas gdy oddziaływanie różnych związków chemicznych nie jest takie samo.</xhtml:div>

</xhtml:div></Content><REF text-before="reference_abbr"><ns1:ID>20051116IPR02381</ns1:ID></REF></Infopress>
</imp:doc>
<imp:links imp:orderNum="0">
</imp:links>
<imp:assoc imp:orderNum="0">
<ASSOCIATION NAME="DTD">-//EP//DTD IM-PRESS 20050901 IPR DOC XML V0//EN</ASSOCIATION>
<ASSOCIATION NAME="XSL">-//EP//STYLESHEET IM-PRESS 20050901 IPR DOC XML V0//EN</ASSOCIATION>
</imp:assoc>
</imp:content>